-- MySQL dump 10.13  Distrib 8.0.29, for Linux (x86_64)
--
-- Host: localhost    Database: proyecciones
-- ------------------------------------------------------
-- Server version	8.0.29-0ubuntu0.20.04.3

/*!40101 SET @OLD_CHARACTER_SET_CLIENT=@@CHARACTER_SET_CLIENT */;
/*!40101 SET @OLD_CHARACTER_SET_RESULTS=@@CHARACTER_SET_RESULTS */;
/*!40101 SET @OLD_COLLATION_CONNECTION=@@COLLATION_CONNECTION */;
/*!50503 SET NAMES utf8mb4 */;
/*!40103 SET @OLD_TIME_ZONE=@@TIME_ZONE */;
/*!40103 SET TIME_ZONE='+00:00' */;
/*!40014 SET @OLD_UNIQUE_CHECKS=@@UNIQUE_CHECKS, UNIQUE_CHECKS=0 */;
/*!40014 SET @OLD_FOREIGN_KEY_CHECKS=@@FOREIGN_KEY_CHECKS, FOREIGN_KEY_CHECKS=0 */;
/*!40101 SET @OLD_SQL_MODE=@@SQL_MODE, SQL_MODE='NO_AUTO_VALUE_ON_ZERO' */;
/*!40111 SET @OLD_SQL_NOTES=@@SQL_NOTES, SQL_NOTES=0 */;

--
-- Table structure for table `alumnos`
--

DROP TABLE IF EXISTS `alumnos`;
/*!40101 SET @saved_cs_client     = @@character_set_client */;
/*!50503 SET character_set_client = utf8mb4 */;
CREATE TABLE `alumnos` (
  `carrera` varchar(255) COLLATE utf8mb4_unicode_ci NOT NULL,
  `noControl` varchar(255) COLLATE utf8mb4_unicode_ci NOT NULL,
  `nombre` varchar(255) COLLATE utf8mb4_unicode_ci NOT NULL,
  `planDeEstudio` int unsigned NOT NULL,
  `semestre` smallint unsigned NOT NULL,
  `estatus` varchar(255) COLLATE utf8mb4_unicode_ci NOT NULL,
  `genero` varchar(255) COLLATE utf8mb4_unicode_ci NOT NULL,
  `creditosPlan` int NOT NULL,
  `creditosA` int NOT NULL,
  `creditosQueDebeTener` int NOT NULL,
  `promedio` double(8,2) NOT NULL,
  `created_at` timestamp NULL DEFAULT NULL,
  `updated_at` timestamp NULL DEFAULT NULL,
  PRIMARY KEY (`noControl`)
) ENGINE=InnoDB DEFAULT CHARSET=utf8mb4 COLLATE=utf8mb4_unicode_ci;
/*!40101 SET character_set_client = @saved_cs_client */;

--
-- Dumping data for table `alumnos`
--

LOCK TABLES `alumnos` WRITE;
/*!40000 ALTER TABLE `alumnos` DISABLE KEYS */;
INSERT INTO `alumnos` VALUES ('INGENIERÍA EN SISTEMAS COMPUTACIONALES','15280779','CRUZ GOMEZ LESLY NOHEMI',505,14,'INSCRITO','F',260,244,240,86.02,'2022-06-28 08:57:53','2022-06-28 08:57:53'),('INGENIERÍA EN SISTEMAS COMPUTACIONALES','15280819','ALBOR MEZA DANIELA',505,14,'INSCRITO','F',260,250,240,83.37,'2022-06-28 08:57:53','2022-06-28 08:57:53'),('INGENIERÍA EN SISTEMAS COMPUTACIONALES','15280839','NUÑEZ CARRILLO ERIK OMAR',505,14,'INSCRITO','M',260,250,240,83.73,'2022-06-28 08:57:53','2022-06-28 08:57:53'),('INGENIERÍA EN SISTEMAS COMPUTACIONALES','15280849','ALBOR MEZA EMILIA',505,3,'INSCRITO','F',260,50,60,81.50,NULL,NULL),('INGENIERÍA EN SISTEMAS COMPUTACIONALES','15281482','CÓRDOVA ORTA ANGÉLICA CITLALLI',505,14,'INSCRITO','F',260,237,240,80.18,'2022-06-28 08:57:53','2022-06-28 08:57:53'),('INGENIERÍA EN SISTEMAS COMPUTACIONALES','16231275','MALDONADO VERAZAS JOSE ENRIQUE',505,12,'INSCRITO','M',260,208,240,84.36,'2022-06-28 08:57:53','2022-06-28 08:57:53'),('INGENIERÍA EN SISTEMAS COMPUTACIONALES','16280564','CARDENAS GARCIA GUILLERMO SAUL',505,12,'INSCRITO','M',260,250,240,85.00,'2022-06-28 08:57:53','2022-06-28 08:57:53'),('INGENIERÍA EN SISTEMAS COMPUTACIONALES','16280568','JASSO REYES FRANCISCO',505,12,'INSCRITO','M',260,250,240,84.65,'2022-06-28 08:57:53','2022-06-28 08:57:53'),('INGENIERÍA EN SISTEMAS COMPUTACIONALES','16280576','GONZALEZ CAMACHO YUNUEN GABRIELA',505,12,'INSCRITO','F',260,250,240,85.63,'2022-06-28 08:57:53','2022-06-28 08:57:53'),('INGENIERÍA EN SISTEMAS COMPUTACIONALES','16280579','GARCÍA SAAVEDRA AMÉRICA LUCERO',505,12,'INSCRITO','F',260,250,240,84.69,'2022-06-28 08:57:53','2022-06-28 08:57:53'),('INGENIERÍA EN SISTEMAS COMPUTACIONALES','16280587','LÓPEZ SÁNCHEZ ADAIR',505,12,'INSCRITO','M',260,236,240,84.79,'2022-06-28 08:57:53','2022-06-28 08:57:53'),('INGENIERÍA EN SISTEMAS COMPUTACIONALES','16280588','VALDÉS SANTANA JACARANDA VALENTINA',505,12,'INSCRITO','F',260,192,240,79.14,'2022-06-28 08:57:53','2022-06-28 08:57:53'),('INGENIERÍA EN SISTEMAS COMPUTACIONALES','16280626','GUEVARA PEREZ ALONSO',505,12,'INSCRITO','M',260,244,240,84.36,'2022-06-28 08:57:53','2022-06-28 08:57:53'),('INGENIERÍA EN SISTEMAS COMPUTACIONALES','16280633','TAVERA OVALLE EDWIN ARISTEO',505,12,'INSCRITO','M',260,207,240,76.24,'2022-06-28 08:57:53','2022-06-28 08:57:53'),('INGENIERÍA EN SISTEMAS COMPUTACIONALES','16280635','MEJÍA CAMACHO EDGAR DANIEL',505,12,'INSCRITO','M',260,250,240,83.67,'2022-06-28 08:57:53','2022-06-28 08:57:53'),('INGENIERÍA EN SISTEMAS COMPUTACIONALES','16280645','ROSALES BERNAL DAVID',505,12,'INSCRITO','M',260,240,240,86.80,'2022-06-28 08:57:53','2022-06-28 08:57:53'),('INGENIERÍA EN SISTEMAS COMPUTACIONALES','16280657','MACEDO VARA JOSE FRANCISCO',505,12,'INSCRITO','M',260,250,240,82.49,'2022-06-28 08:57:53','2022-06-28 08:57:53'),('INGENIERÍA EN SISTEMAS COMPUTACIONALES','16280660','MARTINEZ ROMERO SARA MAYTE',505,12,'INSCRITO','F',260,203,240,78.73,'2022-06-28 08:57:53','2022-06-28 08:57:53'),('INGENIERÍA EN SISTEMAS COMPUTACIONALES','16280664','CHÁVEZ MORALES ULISES AARÓN',505,12,'INSCRITO','M',260,249,240,84.31,'2022-06-28 08:57:53','2022-06-28 08:57:53'),('INGENIERÍA EN SISTEMAS COMPUTACIONALES','16280669','RAMÍREZ SÁNCHEZ ALBERTO ABRAHAM',505,12,'INSCRITO','M',260,250,240,86.16,'2022-06-28 08:57:53','2022-06-28 08:57:53'),('INGENIERÍA EN SISTEMAS COMPUTACIONALES','16280672','VILLEGAS SOTO CINTHIA',505,12,'INSCRITO','F',260,250,240,86.39,'2022-06-28 08:57:53','2022-06-28 08:57:53'),('INGENIERÍA EN SISTEMAS COMPUTACIONALES','16280682','IMOFF MENDOZA ANDREA MICHEL',505,12,'INSCRITO','F',260,260,240,86.42,'2022-06-28 08:57:53','2022-06-28 08:57:53'),('INGENIERÍA EN SISTEMAS COMPUTACIONALES','16280683','PORTILLA TORRES DIEGO ABNER',505,12,'INSCRITO','M',260,229,240,81.94,'2022-06-28 08:57:53','2022-06-28 08:57:53'),('INGENIERÍA EN SISTEMAS COMPUTACIONALES','16280685','LEOCADIO LOPEZ RAUL ULICES',505,12,'INSCRITO','M',260,233,240,81.28,'2022-06-28 08:57:53','2022-06-28 08:57:53'),('INGENIERÍA EN SISTEMAS COMPUTACIONALES','16280688','FAJARDO GONZALEZ DARIEN ALEXANDER',505,12,'INSCRITO','M',260,244,240,81.50,'2022-06-28 08:57:53','2022-06-28 08:57:53'),('INGENIERÍA EN SISTEMAS COMPUTACIONALES','16280697','ESPINOSA MARTINEZ MICHAEL BRANDON',505,12,'INSCRITO','M',260,236,240,80.44,'2022-06-28 08:57:53','2022-06-28 08:57:53'),('INGENIERÍA EN SISTEMAS COMPUTACIONALES','16280701','ATENCO AGUILAR LUIS ÁNGEL',505,12,'INSCRITO','M',260,250,240,85.92,'2022-06-28 08:57:53','2022-06-28 08:57:53'),('INGENIERÍA EN SISTEMAS COMPUTACIONALES','16280704','SAMAYOA MONROY BRUNO',505,12,'INSCRITO','M',260,250,240,83.73,'2022-06-28 08:57:53','2022-06-28 08:57:53'),('INGENIERÍA EN SISTEMAS COMPUTACIONALES','16280705','CISNEROS SANDOVAL LEONARDO',505,12,'INSCRITO','M',260,212,240,76.85,'2022-06-28 08:57:53','2022-06-28 08:57:53'),('INGENIERÍA EN SISTEMAS COMPUTACIONALES','16280707','ZAMORA HERNÁNDEZ CINTHYA NAYELI',505,12,'INSCRITO','F',260,232,240,83.59,'2022-06-28 08:57:53','2022-06-28 08:57:53'),('INGENIERÍA EN SISTEMAS COMPUTACIONALES','16280711','GUTIÉRREZ SALAZAR IRÁN DANIELA',505,12,'INSCRITO','F',260,200,240,77.45,'2022-06-28 08:57:53','2022-06-28 08:57:53'),('INGENIERÍA EN SISTEMAS COMPUTACIONALES','16280714','NOLASCO AMORADOR EDUARDO',505,12,'INSCRITO','M',260,250,240,85.59,'2022-06-28 08:57:53','2022-06-28 08:57:53'),('INGENIERÍA EN SISTEMAS COMPUTACIONALES','16280726','CARBAJAL MARTINEZ CARLOS',505,12,'INSCRITO','M',260,216,240,81.13,'2022-06-28 08:57:53','2022-06-28 08:57:53'),('INGENIERÍA EN SISTEMAS COMPUTACIONALES','16280728','OVANDO RAMIREZ MAXIMILIANO',505,12,'INSCRITO','M',260,250,240,86.73,'2022-06-28 08:57:53','2022-06-28 08:57:53'),('INGENIERÍA EN SISTEMAS COMPUTACIONALES','16280733','GÓMEZ MAYA JORGE',505,12,'INSCRITO','M',260,250,240,87.16,'2022-06-28 08:57:53','2022-06-28 08:57:53'),('INGENIERÍA EN SISTEMAS COMPUTACIONALES','16280735','BUTRON OTERO RAUL DANIEL',505,12,'INSCRITO','M',260,250,240,84.10,'2022-06-28 08:57:53','2022-06-28 08:57:53'),('INGENIERÍA EN SISTEMAS COMPUTACIONALES','16280737','GÓMEZ RAMÍREZ DIEGO AURELIO',505,12,'INSCRITO','M',260,250,240,85.45,'2022-06-28 08:57:53','2022-06-28 08:57:53'),('INGENIERÍA EN SISTEMAS COMPUTACIONALES','16280741','RAMIREZ VALDES DAVID KEVIN',505,12,'INSCRITO','M',260,250,240,82.16,'2022-06-28 08:57:53','2022-06-28 08:57:53'),('INGENIERÍA EN SISTEMAS COMPUTACIONALES','16280752','CHIMAL GUTIERREZ CARLOS ALBERTO',505,12,'INSCRITO','M',260,236,240,83.80,'2022-06-28 08:57:53','2022-06-28 08:57:53'),('INGENIERÍA EN SISTEMAS COMPUTACIONALES','16280759','VELAZQUEZ CARRETERO MONICA DEL CARMEN',505,12,'INSCRITO','F',260,229,240,84.62,'2022-06-28 08:57:53','2022-06-28 08:57:53'),('INGENIERÍA EN SISTEMAS COMPUTACIONALES','16280779','GONZALEZ GARCIA LEONARDO',505,12,'INSCRITO','M',260,250,240,85.57,'2022-06-28 08:57:53','2022-06-28 08:57:53'),('INGENIERÍA EN SISTEMAS COMPUTACIONALES','16281502','GARCÍA DÍAZ JOSÉ RAMÓN',505,12,'INSCRITO','M',260,250,240,83.00,'2022-06-28 08:57:53','2022-06-28 08:57:53'),('INGENIERÍA EN SISTEMAS COMPUTACIONALES','16281514','CHAVEZ GARCIA EFRAIN DE JESUS',505,12,'INSCRITO','M',260,239,240,81.66,'2022-06-28 08:57:53','2022-06-28 08:57:53'),('INGENIERÍA EN SISTEMAS COMPUTACIONALES','16281524','REYES VELAZQUEZ KEVIN RODRIGO',505,12,'INSCRITO','M',260,246,240,81.92,'2022-06-28 08:57:53','2022-06-28 08:57:53'),('INGENIERÍA EN SISTEMAS COMPUTACIONALES','16281557','GIL ARAUJO JAZMIN',505,12,'INSCRITO','F',260,239,240,84.80,'2022-06-28 08:57:53','2022-06-28 08:57:53'),('INGENIERÍA EN SISTEMAS COMPUTACIONALES','17280043','REYES VELÁZQUEZ LARIZZA GUADALUPE',505,11,'INSCRITO','F',260,155,240,70.92,'2022-06-28 08:57:53','2022-06-28 08:57:53'),('INGENIERÍA EN SISTEMAS COMPUTACIONALES','17280045','CABELLO MAYA MIGUEL ANGEL',505,11,'INSCRITO','M',260,153,240,75.25,'2022-06-28 08:57:53','2022-06-28 08:57:53'),('INGENIERÍA EN SISTEMAS COMPUTACIONALES','17280048','FONSECA GARCIA JAFET DANIEL',505,11,'INSCRITO','M',260,225,240,85.46,'2022-06-28 08:57:53','2022-06-28 08:57:53'),('INGENIERÍA EN SISTEMAS COMPUTACIONALES','17280050','ESTRADA JARAMILLO JOSE ALFREDO',505,11,'INSCRITO','M',260,245,240,83.30,'2022-06-28 08:57:53','2022-06-28 08:57:53'),('INGENIERÍA EN SISTEMAS COMPUTACIONALES','17280091','BALLESTEROS BECERRA GABRIEL',505,11,'INSCRITO','M',260,191,240,81.29,'2022-06-28 08:57:53','2022-06-28 08:57:53'),('INGENIERÍA EN SISTEMAS COMPUTACIONALES','17280097','SANCHEZ SALAZAR PAULINA',505,11,'INSCRITO','F',260,250,240,86.57,'2022-06-28 08:57:53','2022-06-28 08:57:53'),('INGENIERÍA EN SISTEMAS COMPUTACIONALES','17280104','RUIZ ROMERO GUSTAVO',505,11,'INSCRITO','M',260,250,240,82.61,'2022-06-28 08:57:53','2022-06-28 08:57:53'),('INGENIERÍA EN SISTEMAS COMPUTACIONALES','17280186','SANCHEZ PAVON JAVIER',505,12,'INSCRITO','M',260,250,240,83.78,'2022-06-28 08:57:53','2022-06-28 08:57:53'),('INGENIERÍA EN SISTEMAS COMPUTACIONALES','17280303','MARTINEZ PALACIOS JESICA',505,10,'INSCRITO','F',260,250,240,87.24,'2022-06-28 08:57:53','2022-06-28 08:57:53'),('INGENIERÍA EN SISTEMAS COMPUTACIONALES','17280311','RODRIGUEZ DUARTE BRANDON IVAN',505,10,'INSCRITO','M',260,250,240,88.43,'2022-06-28 08:57:53','2022-06-28 08:57:53'),('INGENIERÍA EN SISTEMAS COMPUTACIONALES','17280312','REYES MONTIEL FERNANDO BRAULIO',505,10,'INSCRITO','M',260,250,240,92.49,'2022-06-28 08:57:53','2022-06-28 08:57:53'),('INGENIERÍA EN SISTEMAS COMPUTACIONALES','17280315','BECERRIL PADILLA GUADALUPE',505,10,'INSCRITO','F',260,243,240,88.06,'2022-06-28 08:57:53','2022-06-28 08:57:53'),('INGENIERÍA EN SISTEMAS COMPUTACIONALES','17280316','CASTAÑO GIL JESÚS IMANOL',505,10,'INSCRITO','M',260,240,240,87.04,'2022-06-28 08:57:53','2022-06-28 08:57:53'),('INGENIERÍA EN SISTEMAS COMPUTACIONALES','17280320','NUÑO RODRÍGUEZ NESTOR DANIEL',505,10,'INSCRITO','M',260,205,240,87.09,'2022-06-28 08:57:53','2022-06-28 08:57:53'),('INGENIERÍA EN SISTEMAS COMPUTACIONALES','17280323','HERNANDEZ APARICIO GREGORIO',505,10,'INSCRITO','M',260,146,240,72.31,'2022-06-28 08:57:53','2022-06-28 08:57:53'),('INGENIERÍA EN SISTEMAS COMPUTACIONALES','17280324','BUTRÓN CAÑADA JUAN JESÚS',505,10,'INSCRITO','M',260,250,240,91.63,'2022-06-28 08:57:53','2022-06-28 08:57:53'),('INGENIERÍA EN SISTEMAS COMPUTACIONALES','17280325','BRAVO RODRIGUEZ ALAN',505,10,'INSCRITO','M',260,84,240,59.63,'2022-06-28 08:57:53','2022-06-28 08:57:53'),('INGENIERÍA EN SISTEMAS COMPUTACIONALES','17280326','PAEZ BERNABE CARLOS URIEL',505,10,'INSCRITO','M',260,245,240,85.02,'2022-06-28 08:57:53','2022-06-28 08:57:53'),('INGENIERÍA EN SISTEMAS COMPUTACIONALES','17280328','MEJÍA MEJÍA CARLOS EMANUEL',505,10,'INSCRITO','M',260,231,240,86.32,'2022-06-28 08:57:53','2022-06-28 08:57:53'),('INGENIERÍA EN SISTEMAS COMPUTACIONALES','17280330','VALENCIA GONZALEZ ROGELIO EMANUEL',505,10,'INSCRITO','M',260,143,240,74.52,'2022-06-28 08:57:53','2022-06-28 08:57:53'),('INGENIERÍA EN SISTEMAS COMPUTACIONALES','17280331','DOMÍNGUEZ ARZATE RICARDO',505,10,'INSCRITO','M',260,230,240,90.40,'2022-06-28 08:57:53','2022-06-28 08:57:53'),('INGENIERÍA EN SISTEMAS COMPUTACIONALES','17280332','VELAZQUEZ VERA NORBERTO',505,10,'INSCRITO','M',260,158,240,74.55,'2022-06-28 08:57:53','2022-06-28 08:57:53'),('INGENIERÍA EN SISTEMAS COMPUTACIONALES','17280333','SOLIS ROBLES ALONDRA VERONICA',505,10,'INSCRITO','F',260,245,240,91.16,'2022-06-28 08:57:53','2022-06-28 08:57:53'),('INGENIERÍA EN SISTEMAS COMPUTACIONALES','17280334','FLORES AVILA CARLOS ALBERTO',505,10,'INSCRITO','M',260,199,240,81.93,'2022-06-28 08:57:53','2022-06-28 08:57:53'),('INGENIERÍA EN SISTEMAS COMPUTACIONALES','17280335','ALVAREZ JIMÉNEZ MAURICIO',505,10,'INSCRITO','M',260,212,240,80.94,'2022-06-28 08:57:53','2022-06-28 08:57:53'),('INGENIERÍA EN SISTEMAS COMPUTACIONALES','17280336','DE LA O RANGEL IVAN ANTONIO',505,10,'INSCRITO','M',260,231,240,86.40,'2022-06-28 08:57:53','2022-06-28 08:57:53'),('INGENIERÍA EN SISTEMAS COMPUTACIONALES','17280339','OCHOA MENDOZA ARTURO',505,10,'INSCRITO','M',260,232,240,86.57,'2022-06-28 08:57:53','2022-06-28 08:57:53'),('INGENIERÍA EN SISTEMAS COMPUTACIONALES','17280340','GONZALEZ SANTANA JUAN PABLO',505,10,'INSCRITO','M',260,205,240,85.36,'2022-06-28 08:57:53','2022-06-28 08:57:53'),('INGENIERÍA EN SISTEMAS COMPUTACIONALES','17280342','SÁNCHEZ TAPIA DIEGO ISAAC',505,10,'INSCRITO','M',260,177,240,84.05,'2022-06-28 08:57:53','2022-06-28 08:57:53'),('INGENIERÍA EN SISTEMAS COMPUTACIONALES','17280346','MONROY MENESES CINDY',505,10,'INSCRITO','F',260,230,240,84.42,'2022-06-28 08:57:53','2022-06-28 08:57:53'),('INGENIERÍA EN SISTEMAS COMPUTACIONALES','17280348','NAVA BAUTISTA JUAN ANTONIO',505,10,'INSCRITO','M',260,183,240,82.63,'2022-06-28 08:57:53','2022-06-28 08:57:53'),('INGENIERÍA EN SISTEMAS COMPUTACIONALES','17280350','GOMEZ POMPA CRISTIAN ALBERTO',505,10,'INSCRITO','M',260,155,240,72.11,'2022-06-28 08:57:53','2022-06-28 08:57:53'),('INGENIERÍA EN SISTEMAS COMPUTACIONALES','17280351','CASTILLO PEDROZA ALBERTO',505,10,'INSCRITO','M',260,245,240,86.82,'2022-06-28 08:57:53','2022-06-28 08:57:53'),('INGENIERÍA EN SISTEMAS COMPUTACIONALES','17280354','LÓPEZ RODRÍGUEZ HUMBERTO',505,10,'INSCRITO','M',260,153,240,75.94,'2022-06-28 08:57:53','2022-06-28 08:57:53'),('INGENIERÍA EN SISTEMAS COMPUTACIONALES','17280357','FLORES DESALES JENIFFER JAZMYN',505,10,'INSCRITO','F',260,239,240,91.45,'2022-06-28 08:57:53','2022-06-28 08:57:53'),('INGENIERÍA EN SISTEMAS COMPUTACIONALES','17280359','GOMEZ BENITEZ CRISTIAN EMMANUEL',505,10,'INSCRITO','M',260,188,240,78.98,'2022-06-28 08:57:53','2022-06-28 08:57:53'),('INGENIERÍA EN SISTEMAS COMPUTACIONALES','17280360','GONZALEZ GARDUÑO HUMBERTO',505,10,'INSCRITO','M',260,178,240,81.39,'2022-06-28 08:57:53','2022-06-28 08:57:53'),('INGENIERÍA EN SISTEMAS COMPUTACIONALES','17280361','SERRANO VENCES CARLOS JESUS',505,10,'INSCRITO','M',260,250,240,91.18,'2022-06-28 08:57:53','2022-06-28 08:57:53'),('INGENIERÍA EN SISTEMAS COMPUTACIONALES','17280362','SOTELO CONTRERAS SOFÍA',505,10,'INSCRITO','F',260,246,240,86.44,'2022-06-28 08:57:53','2022-06-28 08:57:53'),('INGENIERÍA EN SISTEMAS COMPUTACIONALES','17280363','JARAMILLO ALAMO ALDO MOCTEZUMA',505,10,'INSCRITO','M',260,171,240,83.35,'2022-06-28 08:57:53','2022-06-28 08:57:53'),('INGENIERÍA EN SISTEMAS COMPUTACIONALES','17280364','ARIAS ROSALES DANIEL',505,10,'INSCRITO','M',260,245,240,86.72,'2022-06-28 08:57:53','2022-06-28 08:57:53'),('INGENIERÍA EN SISTEMAS COMPUTACIONALES','17280365','SANJURJO GARCÍA EVELYN',505,10,'INSCRITO','F',260,250,240,87.47,'2022-06-28 08:57:53','2022-06-28 08:57:53'),('INGENIERÍA EN SISTEMAS COMPUTACIONALES','17280369','HERNÁNDEZ GONZÁLEZ URIEL ENRIQUE',505,10,'INSCRITO','M',260,250,240,91.69,'2022-06-28 08:57:53','2022-06-28 08:57:53'),('INGENIERÍA EN SISTEMAS COMPUTACIONALES','17280370','TENA HUERTA SALVADOR',505,10,'INSCRITO','M',260,250,240,87.51,'2022-06-28 08:57:53','2022-06-28 08:57:53'),('INGENIERÍA EN SISTEMAS COMPUTACIONALES','17280371','CHIMAL ZEPEDA CAROLINA',505,10,'INSCRITO','F',260,250,240,84.20,'2022-06-28 08:57:53','2022-06-28 08:57:53'),('INGENIERÍA EN SISTEMAS COMPUTACIONALES','17280372','CARBAJAL CASIANO DIEGO ARMANDO',505,10,'INSCRITO','M',260,186,240,80.73,'2022-06-28 08:57:53','2022-06-28 08:57:53'),('INGENIERÍA EN SISTEMAS COMPUTACIONALES','17280374','JIMENEZ APODACA EDUARDO',505,10,'INSCRITO','M',260,250,240,90.39,'2022-06-28 08:57:53','2022-06-28 08:57:53'),('INGENIERÍA EN SISTEMAS COMPUTACIONALES','17280377','GIL LOPEZ JUAN JOSE',505,10,'INSCRITO','M',260,167,240,77.68,'2022-06-28 08:57:53','2022-06-28 08:57:53'),('INGENIERÍA EN SISTEMAS COMPUTACIONALES','17280378','SANCHEZ VALDIN KEVIN IVAN',505,10,'INSCRITO','M',260,229,240,84.82,'2022-06-28 08:57:53','2022-06-28 08:57:53'),('INGENIERÍA EN SISTEMAS COMPUTACIONALES','17280380','MÁRQUEZ LEZAMA SAMUEL',505,10,'INSCRITO','M',260,248,240,86.86,'2022-06-28 08:57:53','2022-06-28 08:57:53'),('INGENIERÍA EN SISTEMAS COMPUTACIONALES','17280382','ALVAREZ BERNAL DAVID',505,10,'INSCRITO','M',260,188,240,77.05,'2022-06-28 08:57:53','2022-06-28 08:57:53'),('INGENIERÍA EN SISTEMAS COMPUTACIONALES','17280384','MARTÍNEZ FLORES DAVID',505,10,'INSCRITO','M',260,187,240,80.29,'2022-06-28 08:57:53','2022-06-28 08:57:53'),('INGENIERÍA EN SISTEMAS COMPUTACIONALES','17280388','PRIOR GONZÁLEZ LUCANO ROMÁN',505,10,'INSCRITO','M',260,250,240,86.76,'2022-06-28 08:57:53','2022-06-28 08:57:53'),('INGENIERÍA EN SISTEMAS COMPUTACIONALES','17280390','DÍAZ RODRÍGUEZ ANDRÉS HELADIO',505,10,'INSCRITO','M',260,250,240,93.84,'2022-06-28 08:57:53','2022-06-28 08:57:53'),('INGENIERÍA EN SISTEMAS COMPUTACIONALES','17280391','SAMPERIO MALDONADO KEVIN IVAN',505,10,'INSCRITO','M',260,183,240,78.12,'2022-06-28 08:57:53','2022-06-28 08:57:53'),('INGENIERÍA EN SISTEMAS COMPUTACIONALES','17280392','GUADARRAMA HERMOSILLO RUBEN',505,10,'INSCRITO','M',260,151,240,77.88,'2022-06-28 08:57:53','2022-06-28 08:57:53'),('INGENIERÍA EN SISTEMAS COMPUTACIONALES','17280394','RIVERA RODRIGUEZ CRISTHIAN',505,10,'INSCRITO','M',260,250,240,91.98,'2022-06-28 08:57:53','2022-06-28 08:57:53'),('INGENIERÍA EN SISTEMAS COMPUTACIONALES','17280516','MUÑOZ TORRES TANIA PAOLA',505,10,'INSCRITO','F',260,176,240,82.18,'2022-06-28 08:57:53','2022-06-28 08:57:53'),('INGENIERÍA EN SISTEMAS COMPUTACIONALES','17280542','AVILA MARTÍNEZ JOSE MANUEL',505,10,'INSCRITO','M',260,160,240,72.37,'2022-06-28 08:57:53','2022-06-28 08:57:53'),('INGENIERÍA EN SISTEMAS COMPUTACIONALES','17280549','SALAZAR FLORES CARLOS FRANCISCO',505,10,'INSCRITO','M',260,240,240,93.43,'2022-06-28 08:57:53','2022-06-28 08:57:53'),('INGENIERÍA EN SISTEMAS COMPUTACIONALES','17280743','AVILA ORTIZ HUMBERTO',505,10,'INSCRITO','M',260,236,240,85.88,'2022-06-28 08:57:53','2022-06-28 08:57:53'),('INGENIERÍA EN SISTEMAS COMPUTACIONALES','17280974','RAMÍREZ RODRÍGUEZ MANUEL ESTEBAN',505,10,'INSCRITO','M',260,250,240,86.22,'2022-06-28 08:57:53','2022-06-28 08:57:53'),('INGENIERÍA EN SISTEMAS COMPUTACIONALES','17280975','MARTÍNEZ CARRILLO LEONARDO',505,10,'INSCRITO','M',260,250,240,89.22,'2022-06-28 08:57:53','2022-06-28 08:57:53'),('INGENIERÍA EN SISTEMAS COMPUTACIONALES','17281000','LÓPEZ RODRÍGUEZ JOSUÉ',505,10,'INSCRITO','M',260,201,240,83.84,'2022-06-28 08:57:53','2022-06-28 08:57:53'),('INGENIERÍA EN SISTEMAS COMPUTACIONALES','17281010','ARCE ALTAMIRANO ALEJANDRO',505,10,'INSCRITO','M',260,186,240,82.68,'2022-06-28 08:57:53','2022-06-28 08:57:53'),('INGENIERÍA EN SISTEMAS COMPUTACIONALES','17281030','VELÁZQUEZ LAGUNAS DIEGO ARTURO',505,10,'INSCRITO','M',260,138,240,75.31,'2022-06-28 08:57:53','2022-06-28 08:57:53'),('INGENIERÍA EN SISTEMAS COMPUTACIONALES','17281052','PEREZ SALINAS EMANUEL',505,10,'INSCRITO','M',260,185,240,81.71,'2022-06-28 08:57:53','2022-06-28 08:57:53'),('INGENIERÍA EN SISTEMAS COMPUTACIONALES','17281066','GARCIA JIMENEZ JOSE ANTONIO',505,10,'INSCRITO','M',260,235,240,83.47,'2022-06-28 08:57:53','2022-06-28 08:57:53'),('INGENIERÍA EN SISTEMAS COMPUTACIONALES','17281080','ROBLEDO NORIEGA SERGIO AXEL',505,10,'INSCRITO','M',260,134,240,73.12,'2022-06-28 08:57:53','2022-06-28 08:57:53'),('INGENIERÍA EN SISTEMAS COMPUTACIONALES','17670040','BRITO RIVERA MAURICIO',505,10,'INSCRITO','M',260,225,240,87.13,'2022-06-28 08:57:53','2022-06-28 08:57:53'),('INGENIERÍA EN SISTEMAS COMPUTACIONALES','18280133','JIMENEZ ESTRADA ARTURO',505,9,'INSCRITO','M',260,196,225,82.38,'2022-06-28 08:57:53','2022-06-28 08:57:53'),('INGENIERÍA EN SISTEMAS COMPUTACIONALES','18280135','ACOSTA VOLANTIN SAUL QUITZE',505,9,'INSCRITO','M',260,76,225,65.65,'2022-06-28 08:57:53','2022-06-28 08:57:53'),('INGENIERÍA EN SISTEMAS COMPUTACIONALES','18280136','MIRANDA ESTRADA GABRIEL',505,9,'INSCRITO','M',260,213,225,85.48,'2022-06-28 08:57:53','2022-06-28 08:57:53'),('INGENIERÍA EN SISTEMAS COMPUTACIONALES','18280137','RODRÍGUEZ ROJAS DANIEL',505,9,'INSCRITO','M',260,143,225,76.48,'2022-06-28 08:57:53','2022-06-28 08:57:53'),('INGENIERÍA EN SISTEMAS COMPUTACIONALES','18280138','PORCAYO GARCÍA DANIELA',505,9,'INSCRITO','F',260,150,225,78.89,'2022-06-28 08:57:53','2022-06-28 08:57:53'),('INGENIERÍA EN SISTEMAS COMPUTACIONALES','18280141','ALEGRÍA MORALES NATALIA WENDOLINE',505,9,'INSCRITO','F',260,165,225,77.84,'2022-06-28 08:57:53','2022-06-28 08:57:53'),('INGENIERÍA EN SISTEMAS COMPUTACIONALES','18280148','UGALDE GUTIÉRREZ MARÍA DE LOS ANGELES',505,9,'INSCRITO','F',260,182,225,79.51,'2022-06-28 08:57:53','2022-06-28 08:57:53'),('INGENIERÍA EN SISTEMAS COMPUTACIONALES','18280149','VELAZQUEZ CONTRERAS EDUARDO',505,9,'INSCRITO','M',260,198,225,88.74,'2022-06-28 08:57:53','2022-06-28 08:57:53'),('INGENIERÍA EN SISTEMAS COMPUTACIONALES','18280150','PINO CORRAL ARELY ALEJANDRA',505,9,'INSCRITO','F',260,111,225,75.35,'2022-06-28 08:57:53','2022-06-28 08:57:53'),('INGENIERÍA EN SISTEMAS COMPUTACIONALES','18280153','NOVELO ROLDAN LUIS GERARDO',505,9,'INSCRITO','M',260,176,225,83.51,'2022-06-28 08:57:53','2022-06-28 08:57:53'),('INGENIERÍA EN SISTEMAS COMPUTACIONALES','18280157','ANTONIO GONZALEZ FERNANDO',505,9,'INSCRITO','M',260,216,225,85.48,'2022-06-28 08:57:53','2022-06-28 08:57:53'),('INGENIERÍA EN SISTEMAS COMPUTACIONALES','18280159','DIAZ PEREZ KEVIN JORDAN',505,9,'INSCRITO','M',260,221,225,83.75,'2022-06-28 08:57:53','2022-06-28 08:57:53'),('INGENIERÍA EN SISTEMAS COMPUTACIONALES','18280160','SARABIA MAYA JUAN CARLOS',505,9,'INSCRITO','M',260,155,225,75.25,'2022-06-28 08:57:53','2022-06-28 08:57:53'),('INGENIERÍA EN SISTEMAS COMPUTACIONALES','18280161','MEZA PEREZ DANIEL',505,9,'INSCRITO','M',260,140,225,78.19,'2022-06-28 08:57:53','2022-06-28 08:57:53'),('INGENIERÍA EN SISTEMAS COMPUTACIONALES','18280641','VALERIO RODRIGUEZ KEVIN EMMANUEL',505,8,'INSCRITO','M',260,197,198,86.10,'2022-06-28 08:57:53','2022-06-28 08:57:53'),('INGENIERÍA EN SISTEMAS COMPUTACIONALES','18280663','BECERRIL FERNÁNDEZ YARELY DENISSE',505,8,'INSCRITO','F',260,155,198,81.14,'2022-06-28 08:57:53','2022-06-28 08:57:53'),('INGENIERÍA EN SISTEMAS COMPUTACIONALES','18280664','BORBOLLÓN PERALTA EDWIN',505,8,'INSCRITO','M',260,167,198,83.21,'2022-06-28 08:57:53','2022-06-28 08:57:53'),('INGENIERÍA EN SISTEMAS COMPUTACIONALES','18280665','SANCHEZ MONTOYA CARLOS',505,8,'INSCRITO','M',260,194,198,87.76,'2022-06-28 08:57:53','2022-06-28 08:57:53'),('INGENIERÍA EN SISTEMAS COMPUTACIONALES','18280667','JARDON GARCIA JAQUELIN MILAGROS',505,8,'INSCRITO','F',260,198,198,94.14,'2022-06-28 08:57:53','2022-06-28 08:57:53'),('INGENIERÍA EN SISTEMAS COMPUTACIONALES','18280668','ROCA AGUILAR OSCAR RUBEN',505,8,'INSCRITO','M',260,192,198,91.54,'2022-06-28 08:57:53','2022-06-28 08:57:53'),('INGENIERÍA EN SISTEMAS COMPUTACIONALES','18280669','SÁNCHEZ MARTÍNEZ ARAMIS',505,8,'INSCRITO','M',260,143,198,77.71,'2022-06-28 08:57:53','2022-06-28 08:57:53'),('INGENIERÍA EN SISTEMAS COMPUTACIONALES','18280680','GARCIA ESPINOSA CARLOS',505,8,'INSCRITO','M',260,154,198,79.09,'2022-06-28 08:57:53','2022-06-28 08:57:53'),('INGENIERÍA EN SISTEMAS COMPUTACIONALES','18280682','BELLO PERALTA DAVID',505,8,'INSCRITO','M',260,167,198,81.95,'2022-06-28 08:57:53','2022-06-28 08:57:53'),('INGENIERÍA EN SISTEMAS COMPUTACIONALES','18280683','GONZÁLEZ GUZMÁN JOSÉ FERNANDO',505,8,'INSCRITO','M',260,193,198,82.60,'2022-06-28 08:57:53','2022-06-28 08:57:53'),('INGENIERÍA EN SISTEMAS COMPUTACIONALES','18280685','CRUZ CRUZ BIANCA ASUNCIÓN',505,8,'INSCRITO','F',260,155,198,79.80,'2022-06-28 08:57:53','2022-06-28 08:57:53'),('INGENIERÍA EN SISTEMAS COMPUTACIONALES','18280687','CRUZ TORRES ANGEL DAVID',505,8,'INSCRITO','M',260,173,198,89.65,'2022-06-28 08:57:53','2022-06-28 08:57:53'),('INGENIERÍA EN SISTEMAS COMPUTACIONALES','18280688','NAVA CEBALLOS EMILIANO ADOLFO',505,8,'INSCRITO','M',260,165,198,79.84,'2022-06-28 08:57:53','2022-06-28 08:57:53'),('INGENIERÍA EN SISTEMAS COMPUTACIONALES','18280690','VEGA MONDRAGON LAURA',505,8,'INSCRITO','F',260,197,198,88.76,'2022-06-28 08:57:53','2022-06-28 08:57:53'),('INGENIERÍA EN SISTEMAS COMPUTACIONALES','18280692','HERNANDEZ VILLAVICENCIO CESAR VALENTIN',505,8,'INSCRITO','M',260,176,198,81.08,'2022-06-28 08:57:53','2022-06-28 08:57:53'),('INGENIERÍA EN SISTEMAS COMPUTACIONALES','18280696','MIRANDA SANCHEZ EDUARDO',505,8,'INSCRITO','M',260,66,198,61.26,'2022-06-28 08:57:53','2022-06-28 08:57:53'),('INGENIERÍA EN SISTEMAS COMPUTACIONALES','18280697','TREJO MORENO JOSÉ ANTONIO',505,8,'INSCRITO','M',260,137,198,78.69,'2022-06-28 08:57:53','2022-06-28 08:57:53'),('INGENIERÍA EN SISTEMAS COMPUTACIONALES','18280698','FLORES OROZCO AXEL',505,8,'INSCRITO','M',260,179,198,81.20,'2022-06-28 08:57:53','2022-06-28 08:57:53'),('INGENIERÍA EN SISTEMAS COMPUTACIONALES','18280701','GONZÁLEZ SÁNCHEZ VICTOR MANUEL',505,8,'INSCRITO','M',260,145,198,82.33,'2022-06-28 08:57:53','2022-06-28 08:57:53'),('INGENIERÍA EN SISTEMAS COMPUTACIONALES','18280704','MALDONADO ESPINOZA FATIMA',505,8,'INSCRITO','F',260,143,198,75.29,'2022-06-28 08:57:53','2022-06-28 08:57:53'),('INGENIERÍA EN SISTEMAS COMPUTACIONALES','18280705','ROJAS HERNANDEZ RAUL',505,8,'INSCRITO','M',260,148,198,81.44,'2022-06-28 08:57:53','2022-06-28 08:57:53'),('INGENIERÍA EN SISTEMAS COMPUTACIONALES','18280707','ZAMBRANO RAMOS LUIS EDUARDO',505,8,'INSCRITO','M',260,187,198,80.98,'2022-06-28 08:57:53','2022-06-28 08:57:53'),('INGENIERÍA EN SISTEMAS COMPUTACIONALES','18280711','DE LA ROSA ROSALES IAN XANTHÉ',505,8,'INSCRITO','M',260,131,198,78.10,'2022-06-28 08:57:53','2022-06-28 08:57:53'),('INGENIERÍA EN SISTEMAS COMPUTACIONALES','18280713','DÍAZ CORTEZ JOSÉ LUIS',505,8,'INSCRITO','M',260,127,198,72.39,'2022-06-28 08:57:53','2022-06-28 08:57:53'),('INGENIERÍA EN SISTEMAS COMPUTACIONALES','18280714','ESTRADA CÁRDENAS OSWALDO',505,8,'INSCRITO','M',260,192,198,91.51,'2022-06-28 08:57:53','2022-06-28 08:57:53'),('INGENIERÍA EN SISTEMAS COMPUTACIONALES','18280716','PEDRAJO SALDIVAR DANIEL',505,8,'INSCRITO','M',260,97,198,63.00,'2022-06-28 08:57:53','2022-06-28 08:57:53'),('INGENIERÍA EN SISTEMAS COMPUTACIONALES','18280717','CRUZ SOTO SERGIO GREGORIO',505,8,'INSCRITO','M',260,168,198,84.86,'2022-06-28 08:57:53','2022-06-28 08:57:53'),('INGENIERÍA EN SISTEMAS COMPUTACIONALES','18280718','CAMACHO CARBAJAL BRUNO DANIEL',505,8,'INSCRITO','M',260,197,198,89.83,'2022-06-28 08:57:53','2022-06-28 08:57:53'),('INGENIERÍA EN SISTEMAS COMPUTACIONALES','18280719','FLORES MORALES ABRAHAM',505,8,'INSCRITO','M',260,137,198,78.77,'2022-06-28 08:57:53','2022-06-28 08:57:53'),('INGENIERÍA EN SISTEMAS COMPUTACIONALES','18280723','ALVAREZ LEON ERIKA JANETH',505,8,'INSCRITO','F',260,135,198,72.76,'2022-06-28 08:57:53','2022-06-28 08:57:53'),('INGENIERÍA EN SISTEMAS COMPUTACIONALES','18280724','REYES PICHARDO JORGE LEOPOLDO',505,8,'INSCRITO','M',260,130,198,67.82,'2022-06-28 08:57:53','2022-06-28 08:57:53'),('INGENIERÍA EN SISTEMAS COMPUTACIONALES','18280725','ALVAREZ VILCHIS JONATHAN',505,8,'INSCRITO','M',260,177,198,87.03,'2022-06-28 08:57:53','2022-06-28 08:57:53'),('INGENIERÍA EN SISTEMAS COMPUTACIONALES','18280726','VASQUEZ AVILEZ LUIS EMMANUEL',505,8,'INSCRITO','M',260,182,198,83.85,'2022-06-28 08:57:53','2022-06-28 08:57:53'),('INGENIERÍA EN SISTEMAS COMPUTACIONALES','18280728','GALINDO MARTINEZ LAURA',505,8,'INSCRITO','F',260,168,198,83.54,'2022-06-28 08:57:53','2022-06-28 08:57:53'),('INGENIERÍA EN SISTEMAS COMPUTACIONALES','18280729','JIMÉNEZ RODRÍGUEZ ERICK',505,8,'INSCRITO','M',260,171,198,82.00,'2022-06-28 08:57:53','2022-06-28 08:57:53'),('INGENIERÍA EN SISTEMAS COMPUTACIONALES','18280730','TRUJILLO URIÓSTEGUI JESÚS ANTONIO',505,8,'INSCRITO','M',260,159,198,82.94,'2022-06-28 08:57:53','2022-06-28 08:57:53'),('INGENIERÍA EN SISTEMAS COMPUTACIONALES','18280732','FARFAN MILLAN ABRAHAM ANTONIO',505,8,'INSCRITO','M',260,193,198,88.80,'2022-06-28 08:57:53','2022-06-28 08:57:53'),('INGENIERÍA EN SISTEMAS COMPUTACIONALES','18280734','FLORES MARIN CESAR ERUBIEL',505,8,'INSCRITO','M',260,151,198,75.97,'2022-06-28 08:57:53','2022-06-28 08:57:53'),('INGENIERÍA EN SISTEMAS COMPUTACIONALES','18280735','ARZATE HERNANDEZ SUSANA IVETT',505,8,'INSCRITO','F',260,178,198,85.26,'2022-06-28 08:57:53','2022-06-28 08:57:53'),('INGENIERÍA EN SISTEMAS COMPUTACIONALES','18280739','CERVANTES SALDAÑA JOSUE GABRIEL',505,8,'INSCRITO','M',260,166,198,81.89,'2022-06-28 08:57:53','2022-06-28 08:57:53'),('INGENIERÍA EN SISTEMAS COMPUTACIONALES','18280741','AGUILAR URIBE JAIRO DAVID',505,8,'INSCRITO','M',260,161,198,78.76,'2022-06-28 08:57:53','2022-06-28 08:57:53'),('INGENIERÍA EN SISTEMAS COMPUTACIONALES','18280742','CARRILLO ORTIZ ISAAC SAMUEL',505,8,'INSCRITO','M',260,184,198,84.00,'2022-06-28 08:57:53','2022-06-28 08:57:53'),('INGENIERÍA EN SISTEMAS COMPUTACIONALES','18280744','SANTANA PEREZ JOSELINE MARIANA',505,8,'INSCRITO','F',260,59,198,57.94,'2022-06-28 08:57:53','2022-06-28 08:57:53'),('INGENIERÍA EN SISTEMAS COMPUTACIONALES','18280745','FELIPE GARCIA JUAN JOSE',505,8,'INSCRITO','M',260,182,198,85.50,'2022-06-28 08:57:53','2022-06-28 08:57:53'),('INGENIERÍA EN SISTEMAS COMPUTACIONALES','18280746','BAHENA GARCIA ANGEL OSWALDO',505,8,'INSCRITO','M',260,150,198,80.71,'2022-06-28 08:57:53','2022-06-28 08:57:53'),('INGENIERÍA EN SISTEMAS COMPUTACIONALES','18280748','DOMÍNGUEZ CORDERO EDUARDO',505,8,'INSCRITO','M',260,192,198,86.22,'2022-06-28 08:57:53','2022-06-28 08:57:53'),('INGENIERÍA EN SISTEMAS COMPUTACIONALES','18280753','MORALES VALLEJO ABRAHAM EMANUEL',505,8,'INSCRITO','M',260,197,198,85.79,'2022-06-28 08:57:53','2022-06-28 08:57:53'),('INGENIERÍA EN SISTEMAS COMPUTACIONALES','18280754','FLORES LOPEZ KEVIN DANIEL',505,8,'INSCRITO','M',260,175,198,81.98,'2022-06-28 08:57:53','2022-06-28 08:57:53'),('INGENIERÍA EN SISTEMAS COMPUTACIONALES','18280755','JIMÉNEZ SANDOVAL MIGUEL',505,8,'INSCRITO','M',260,191,198,88.17,'2022-06-28 08:57:53','2022-06-28 08:57:53'),('INGENIERÍA EN SISTEMAS COMPUTACIONALES','18280756','MENDOZA PÉREZ MARCO ANTONIO',505,8,'INSCRITO','M',260,122,198,81.58,'2022-06-28 08:57:53','2022-06-28 08:57:53'),('INGENIERÍA EN SISTEMAS COMPUTACIONALES','18280758','ASTIVIA CASTELLANOS MAXIMILIANO',505,8,'INSCRITO','M',260,121,198,67.10,'2022-06-28 08:57:53','2022-06-28 08:57:53'),('INGENIERÍA EN SISTEMAS COMPUTACIONALES','18280759','ÁLVAREZ CRUZ ALEJANDRO',505,8,'INSCRITO','M',260,153,198,77.89,'2022-06-28 08:57:53','2022-06-28 08:57:53'),('INGENIERÍA EN SISTEMAS COMPUTACIONALES','18280760','VILLAFAÑA GOMEZ GABRIEL',505,8,'INSCRITO','M',260,134,198,79.77,'2022-06-28 08:57:53','2022-06-28 08:57:53'),('INGENIERÍA EN SISTEMAS COMPUTACIONALES','18280767','BECERRA VIVANCO AMANDA FLORENCIA',505,8,'INSCRITO','F',260,111,198,71.00,'2022-06-28 08:57:53','2022-06-28 08:57:53'),('INGENIERÍA EN SISTEMAS COMPUTACIONALES','18280826','GARCIA GARCIA EDGAR LEOPOLDO',505,8,'INSCRITO','M',260,149,198,76.37,'2022-06-28 08:57:53','2022-06-28 08:57:53'),('INGENIERÍA EN SISTEMAS COMPUTACIONALES','18281012','BLAS AUBERT IAN',505,8,'INSCRITO','M',260,167,198,78.79,'2022-06-28 08:57:53','2022-06-28 08:57:53'),('INGENIERÍA EN SISTEMAS COMPUTACIONALES','18281019','JAIMES HERNÁNDEZ ERIK RUBÉN',505,8,'INSCRITO','M',260,191,198,87.80,'2022-06-28 08:57:53','2022-06-28 08:57:53'),('INGENIERÍA EN SISTEMAS COMPUTACIONALES','18281023','LÓPEZ MEJIA JESÚS',505,8,'INSCRITO','M',260,133,198,73.72,'2022-06-28 08:57:53','2022-06-28 08:57:53'),('INGENIERÍA EN SISTEMAS COMPUTACIONALES','18281067','DOTOR RICO KENIA ABIGAIL',505,8,'INSCRITO','F',260,159,198,87.68,'2022-06-28 08:57:53','2022-06-28 08:57:53'),('INGENIERÍA EN SISTEMAS COMPUTACIONALES','18281077','REYES ALBARRAN ALDAIR',505,8,'INSCRITO','M',260,156,198,80.58,'2022-06-28 08:57:53','2022-06-28 08:57:53'),('INGENIERÍA EN SISTEMAS COMPUTACIONALES','18281107','JULIAN TENORIO DAYANA AZARIT',505,8,'INSCRITO','F',260,138,198,72.09,'2022-06-28 08:57:53','2022-06-28 08:57:53'),('INGENIERÍA EN SISTEMAS COMPUTACIONALES','18281135','GONZALEZ GONZALEZ JAQUELIN HAYDEE',505,8,'INSCRITO','F',260,151,198,79.97,'2022-06-28 08:57:53','2022-06-28 08:57:53'),('INGENIERÍA EN SISTEMAS COMPUTACIONALES','18281136','ROSALES CUAMATZI ARELI',505,8,'INSCRITO','F',260,107,198,71.52,'2022-06-28 08:57:53','2022-06-28 08:57:53'),('INGENIERÍA EN SISTEMAS COMPUTACIONALES','18281152','VARGAS VARGAS ARMANDO',505,8,'INSCRITO','M',260,192,198,83.66,'2022-06-28 08:57:53','2022-06-28 08:57:53'),('INGENIERÍA EN SISTEMAS COMPUTACIONALES','18281155','FERNANDEZ REYES JOHANA NOEMI',505,8,'INSCRITO','F',260,117,198,71.11,'2022-06-28 08:57:53','2022-06-28 08:57:53'),('INGENIERÍA EN SISTEMAS COMPUTACIONALES','18281220','ROJAS SÁNCHEZ JAVIER',505,8,'INSCRITO','M',260,107,198,82.48,'2022-06-28 08:57:53','2022-06-28 08:57:53'),('INGENIERÍA EN SISTEMAS COMPUTACIONALES','18281277','HERNANDEZ SALVADOR KAREN IVETTE',505,8,'INSCRITO','F',260,168,198,87.30,'2022-06-28 08:57:53','2022-06-28 08:57:53'),('INGENIERÍA EN SISTEMAS COMPUTACIONALES','19280205','SALINAS GONZALEZ YADIRA ISABEL',505,9,'INSCRITO','F',260,185,225,87.18,'2022-06-28 08:57:53','2022-06-28 08:57:53'),('INGENIERÍA EN SISTEMAS COMPUTACIONALES','19280690','RUIZ HERNÁNDEZ JAIME',505,6,'INSCRITO','M',260,135,137,89.66,'2022-06-28 08:57:53','2022-06-28 08:57:53'),('INGENIERÍA EN SISTEMAS COMPUTACIONALES','19280691','DIAZ GOMEZ ALVARO',505,6,'INSCRITO','M',260,80,137,73.16,'2022-06-28 08:57:53','2022-06-28 08:57:53'),('INGENIERÍA EN SISTEMAS COMPUTACIONALES','19280692','EROSA SANABRIA KAREN SOFIA',505,6,'INSCRITO','F',260,141,137,93.10,'2022-06-28 08:57:53','2022-06-28 08:57:53'),('INGENIERÍA EN SISTEMAS COMPUTACIONALES','19280694','SÁNCHEZ DÍAZ EDÉN JAIR',505,6,'INSCRITO','M',260,141,137,92.20,'2022-06-28 08:57:53','2022-06-28 08:57:53'),('INGENIERÍA EN SISTEMAS COMPUTACIONALES','19280695','CORTÉZ MENDOZA OSWALDO',505,6,'INSCRITO','M',260,61,137,54.15,'2022-06-28 08:57:53','2022-06-28 08:57:53'),('INGENIERÍA EN SISTEMAS COMPUTACIONALES','19280696','JIMENEZ REYES AIDEE AQUETZALI',505,6,'INSCRITO','F',260,140,137,90.33,'2022-06-28 08:57:53','2022-06-28 08:57:53'),('INGENIERÍA EN SISTEMAS COMPUTACIONALES','19280697','PÉREZ VALENCIA JOHN',505,6,'INSCRITO','M',260,142,137,90.33,'2022-06-28 08:57:53','2022-06-28 08:57:53'),('INGENIERÍA EN SISTEMAS COMPUTACIONALES','19280698','AGUIRRE CANTU JOEL',505,6,'INSCRITO','M',260,85,137,80.26,'2022-06-28 08:57:53','2022-06-28 08:57:53'),('INGENIERÍA EN SISTEMAS COMPUTACIONALES','19280699','DIAZ MARTINEZ CARLOS ALFREDO',505,6,'INSCRITO','M',260,90,137,73.43,'2022-06-28 08:57:53','2022-06-28 08:57:53'),('INGENIERÍA EN SISTEMAS COMPUTACIONALES','19280701','GÓMEZ SANTANA DIEGO',505,6,'INSCRITO','M',260,91,137,81.60,'2022-06-28 08:57:53','2022-06-28 08:57:53'),('INGENIERÍA EN SISTEMAS COMPUTACIONALES','19280702','ROSETE PARTIDA SERGIO MAXIMILIANO',505,6,'INSCRITO','M',260,99,137,83.19,'2022-06-28 08:57:53','2022-06-28 08:57:53'),('INGENIERÍA EN SISTEMAS COMPUTACIONALES','19280703','ROMERO PÉREZ JESÚS AGUSTÍN',505,6,'INSCRITO','M',260,139,137,90.07,'2022-06-28 08:57:53','2022-06-28 08:57:53'),('INGENIERÍA EN SISTEMAS COMPUTACIONALES','19280704','FONSECA FLORES LEONARDO',505,6,'INSCRITO','M',260,139,137,88.60,'2022-06-28 08:57:53','2022-06-28 08:57:53'),('INGENIERÍA EN SISTEMAS COMPUTACIONALES','19280705','LOPEZ ROBLES DARWIN JAVIER ',505,6,'INSCRITO','M',260,100,137,76.68,'2022-06-28 08:57:53','2022-06-28 08:57:53'),('INGENIERÍA EN SISTEMAS COMPUTACIONALES','19280706','MENDOZA ARCHUNDIA LUIS ALBERTO',505,6,'INSCRITO','M',260,78,137,61.38,'2022-06-28 08:57:53','2022-06-28 08:57:53'),('INGENIERÍA EN SISTEMAS COMPUTACIONALES','19280709','LAZARO  GARCIA JOSÉ MANUEL ',505,6,'INSCRITO','M',260,100,137,79.95,'2022-06-28 08:57:53','2022-06-28 08:57:53'),('INGENIERÍA EN SISTEMAS COMPUTACIONALES','19280710','MARTÍNEZ SOTENO CARLOS',505,6,'INSCRITO','M',260,135,137,88.45,'2022-06-28 08:57:53','2022-06-28 08:57:53'),('INGENIERÍA EN SISTEMAS COMPUTACIONALES','19280712','ROMERO GALICIA LUIS GABRIEL',505,6,'INSCRITO','M',260,63,137,70.13,'2022-06-28 08:57:53','2022-06-28 08:57:53'),('INGENIERÍA EN SISTEMAS COMPUTACIONALES','19280713','BARRERA TAMARIZ JOSE FRANCISCO',505,6,'INSCRITO','M',260,81,137,74.26,'2022-06-28 08:57:53','2022-06-28 08:57:53'),('INGENIERÍA EN SISTEMAS COMPUTACIONALES','19280716','LOPEZ ESPINO ARLETTE IVONNE',505,6,'INSCRITO','F',260,110,137,78.96,'2022-06-28 08:57:53','2022-06-28 08:57:53'),('INGENIERÍA EN SISTEMAS COMPUTACIONALES','19280718','MATIAS CALDERÓN ANGEL',505,6,'INSCRITO','M',260,99,137,80.95,'2022-06-28 08:57:53','2022-06-28 08:57:53'),('INGENIERÍA EN SISTEMAS COMPUTACIONALES','19280720','MENDOZA MORENO ARLETH YULIANA',505,6,'INSCRITO','F',260,87,137,74.25,'2022-06-28 08:57:53','2022-06-28 08:57:53'),('INGENIERÍA EN SISTEMAS COMPUTACIONALES','19280724','GONZÁLEZ MUÑOZ BRYAN JAVIER',505,6,'INSCRITO','M',260,116,137,87.04,'2022-06-28 08:57:53','2022-06-28 08:57:53'),('INGENIERÍA EN SISTEMAS COMPUTACIONALES','19280725','EVANGELISTA GARCIA JAVIER JOSUÉ',505,6,'INSCRITO','M',260,140,137,92.03,'2022-06-28 08:57:53','2022-06-28 08:57:53'),('INGENIERÍA EN SISTEMAS COMPUTACIONALES','19280726','RODILES MUJICA GUILLERMO ANGEL',505,6,'INSCRITO','M',260,62,137,66.88,'2022-06-28 08:57:53','2022-06-28 08:57:53'),('INGENIERÍA EN SISTEMAS COMPUTACIONALES','19280729','FLORES RAMOS JESÚS DARÍO',505,6,'INSCRITO','M',260,131,137,86.72,'2022-06-28 08:57:53','2022-06-28 08:57:53'),('INGENIERÍA EN SISTEMAS COMPUTACIONALES','19280730','CANO FRANCISCO ROCÍO',505,6,'INSCRITO','F',260,127,137,81.93,'2022-06-28 08:57:53','2022-06-28 08:57:53'),('INGENIERÍA EN SISTEMAS COMPUTACIONALES','19280731','RUIZ GAMA OCTAVIO DAVID',505,6,'INSCRITO','M',260,67,137,75.60,'2022-06-28 08:57:53','2022-06-28 08:57:53'),('INGENIERÍA EN SISTEMAS COMPUTACIONALES','19280734','ROMERO  ALEJO DIANA ROSETTE',505,6,'INSCRITO','F',260,50,137,71.69,'2022-06-28 08:57:53','2022-06-28 08:57:53'),('INGENIERÍA EN SISTEMAS COMPUTACIONALES','19280735','GONZÁLEZ RAMÍREZ ALEJANDRO EMMANUEL',505,6,'INSCRITO','M',260,136,137,92.28,'2022-06-28 08:57:53','2022-06-28 08:57:53'),('INGENIERÍA EN SISTEMAS COMPUTACIONALES','19280736','PERFECTO DOMINGUEZ FERNANDO JOSE',505,6,'INSCRITO','M',260,60,137,85.23,'2022-06-28 08:57:53','2022-06-28 08:57:53'),('INGENIERÍA EN SISTEMAS COMPUTACIONALES','19280739','VELÁZQUEZ MARTÍNEZ MARCO ANTONIO',505,6,'INSCRITO','M',260,116,137,82.35,'2022-06-28 08:57:53','2022-06-28 08:57:53'),('INGENIERÍA EN SISTEMAS COMPUTACIONALES','19280740','ESCUDERO CARRILLO MARIA JOSE ',505,6,'INSCRITO','F',260,82,137,76.21,'2022-06-28 08:57:53','2022-06-28 08:57:53'),('INGENIERÍA EN SISTEMAS COMPUTACIONALES','19280741','RIOS CONCHILLOS IVAN ELIHU',505,6,'INSCRITO','M',260,106,137,76.48,'2022-06-28 08:57:53','2022-06-28 08:57:53'),('INGENIERÍA EN SISTEMAS COMPUTACIONALES','19280743','LOPEZ MOLINA PAMELA SARAHI',505,6,'INSCRITO','F',260,105,137,80.70,'2022-06-28 08:57:53','2022-06-28 08:57:53'),('INGENIERÍA EN SISTEMAS COMPUTACIONALES','19280745','CASTILLO VICENTE VICTORIA MERARI',505,6,'INSCRITO','F',260,122,137,89.31,'2022-06-28 08:57:53','2022-06-28 08:57:53'),('INGENIERÍA EN SISTEMAS COMPUTACIONALES','19280746','HIDALGO CASTELLANOS JOSE EMANUEL',505,6,'INSCRITO','M',260,105,137,88.82,'2022-06-28 08:57:53','2022-06-28 08:57:53'),('INGENIERÍA EN SISTEMAS COMPUTACIONALES','19280747','AVALOS MEDINA ALAN JORDI',505,6,'INSCRITO','M',260,142,137,91.70,'2022-06-28 08:57:53','2022-06-28 08:57:53'),('INGENIERÍA EN SISTEMAS COMPUTACIONALES','19280748','LARA CARRANZA LINDA ZULEM',505,6,'INSCRITO','F',260,140,137,92.63,'2022-06-28 08:57:53','2022-06-28 08:57:53'),('INGENIERÍA EN SISTEMAS COMPUTACIONALES','19280749','PAVON MARTELL BRAYHAM',505,6,'INSCRITO','M',260,71,137,83.53,'2022-06-28 08:57:53','2022-06-28 08:57:53'),('INGENIERÍA EN SISTEMAS COMPUTACIONALES','19280750','ANAYA ORTEGA NESTOR EMANUEL',505,6,'INSCRITO','M',260,105,137,90.86,'2022-06-28 08:57:53','2022-06-28 08:57:53'),('INGENIERÍA EN SISTEMAS COMPUTACIONALES','19280752','MORALES DEMETRIO ALEX DILAN',505,6,'INSCRITO','M',260,110,137,76.96,'2022-06-28 08:57:53','2022-06-28 08:57:53'),('INGENIERÍA EN SISTEMAS COMPUTACIONALES','19280756','GARCÍA MORENO CARLOS DAVID',505,6,'INSCRITO','M',260,107,137,82.61,'2022-06-28 08:57:53','2022-06-28 08:57:53'),('INGENIERÍA EN SISTEMAS COMPUTACIONALES','19280760','BECERRIL MAGAÑA DIEGO',505,6,'INSCRITO','M',260,123,137,84.00,'2022-06-28 08:57:53','2022-06-28 08:57:53'),('INGENIERÍA EN SISTEMAS COMPUTACIONALES','19280761','REYES GÓMEZ LUIS ENRIQUE',505,6,'INSCRITO','M',260,116,137,85.60,'2022-06-28 08:57:53','2022-06-28 08:57:53'),('INGENIERÍA EN SISTEMAS COMPUTACIONALES','19280762','OLOARTE LIMÓN JUAN CARLOS',505,6,'INSCRITO','M',260,118,137,81.38,'2022-06-28 08:57:53','2022-06-28 08:57:53'),('INGENIERÍA EN SISTEMAS COMPUTACIONALES','19280764','SOMERA AYALA SHEYDEL SAMANTA',505,6,'INSCRITO','F',260,122,137,88.85,'2022-06-28 08:57:53','2022-06-28 08:57:53'),('INGENIERÍA EN SISTEMAS COMPUTACIONALES','19280765','MALDONADO GONZALEZ JORGE ISAAC',505,6,'INSCRITO','M',260,76,137,75.35,'2022-06-28 08:57:53','2022-06-28 08:57:53'),('INGENIERÍA EN SISTEMAS COMPUTACIONALES','19280766','LARA MADERO AXEL',505,6,'INSCRITO','M',260,108,137,84.92,'2022-06-28 08:57:53','2022-06-28 08:57:53'),('INGENIERÍA EN SISTEMAS COMPUTACIONALES','19280767','VALDEZ BECERRIL SHELEPH YARENITH',505,6,'INSCRITO','F',260,131,137,86.24,'2022-06-28 08:57:53','2022-06-28 08:57:53'),('INGENIERÍA EN SISTEMAS COMPUTACIONALES','19280768','ZÁRATE TORRES JOSÉ DE JESÚS',505,6,'INSCRITO','M',260,99,137,85.00,'2022-06-28 08:57:53','2022-06-28 08:57:53'),('INGENIERÍA EN SISTEMAS COMPUTACIONALES','19280769','OLIN HONORIO MARÍA GUADALUPE',505,6,'INSCRITO','F',260,101,137,79.74,'2022-06-28 08:57:53','2022-06-28 08:57:53'),('INGENIERÍA EN SISTEMAS COMPUTACIONALES','19280770','ORTEGA AGUILAR NOEL JENARO',505,6,'INSCRITO','M',260,125,137,85.71,'2022-06-28 08:57:53','2022-06-28 08:57:53'),('INGENIERÍA EN SISTEMAS COMPUTACIONALES','19280771','ESQUIVEL TREVIÑO CAROLINA',505,6,'INSCRITO','F',260,135,137,91.93,'2022-06-28 08:57:53','2022-06-28 08:57:53'),('INGENIERÍA EN SISTEMAS COMPUTACIONALES','19280775','RAMÍREZ SÁNCHEZ FATIMA BETZAIDA',505,6,'INSCRITO','F',260,95,137,81.38,'2022-06-28 08:57:53','2022-06-28 08:57:53'),('INGENIERÍA EN SISTEMAS COMPUTACIONALES','19280776','CEDILLO MARTINEZ SERGIO ABRAHAM',505,6,'INSCRITO','M',260,131,137,91.93,'2022-06-28 08:57:53','2022-06-28 08:57:53'),('INGENIERÍA EN SISTEMAS COMPUTACIONALES','19280777','SÁNCHEZ MARTÍNEZ HORACIO',505,6,'INSCRITO','M',260,122,137,88.50,'2022-06-28 08:57:53','2022-06-28 08:57:53'),('INGENIERÍA EN SISTEMAS COMPUTACIONALES','19280779','GARCÍA ECHEGARAY CAROLINA',505,6,'INSCRITO','F',260,118,137,88.08,'2022-06-28 08:57:53','2022-06-28 08:57:53'),('INGENIERÍA EN SISTEMAS COMPUTACIONALES','19280780','DIAZ RUBIO LUIS EDUARDO',505,6,'INSCRITO','M',260,115,137,81.96,'2022-06-28 08:57:53','2022-06-28 08:57:53'),('INGENIERÍA EN SISTEMAS COMPUTACIONALES','19280782','LOPEZ NAJERA ANA BERTHA',505,6,'INSCRITO','F',260,80,137,70.45,'2022-06-28 08:57:53','2022-06-28 08:57:53'),('INGENIERÍA EN SISTEMAS COMPUTACIONALES','19280783','GONZALEZ HERNANDEZ SEBASTIAN',505,6,'INSCRITO','M',260,122,137,77.76,'2022-06-28 08:57:53','2022-06-28 08:57:53'),('INGENIERÍA EN SISTEMAS COMPUTACIONALES','19280784','DOTOR HERNANDEZ RAFAEL',505,6,'INSCRITO','M',260,113,137,82.08,'2022-06-28 08:57:53','2022-06-28 08:57:53'),('INGENIERÍA EN SISTEMAS COMPUTACIONALES','19280785','URIOSTEGUI  ANTHONY',505,6,'INSCRITO','M',260,112,137,83.72,'2022-06-28 08:57:53','2022-06-28 08:57:53'),('INGENIERÍA EN SISTEMAS COMPUTACIONALES','19280787','GONZÁLEZ GARCÍA SAMUEL',505,6,'INSCRITO','M',260,77,137,69.95,'2022-06-28 08:57:53','2022-06-28 08:57:53'),('INGENIERÍA EN SISTEMAS COMPUTACIONALES','19280791','VASQUEZ AVILEZ JOSE DAVID',505,6,'INSCRITO','M',260,108,137,80.33,'2022-06-28 08:57:53','2022-06-28 08:57:53'),('INGENIERÍA EN SISTEMAS COMPUTACIONALES','19280792','CHAVEZ DE LA CRUZ JOSUE EMMANUEL',505,6,'INSCRITO','M',260,114,137,86.54,'2022-06-28 08:57:53','2022-06-28 08:57:53'),('INGENIERÍA EN SISTEMAS COMPUTACIONALES','19280794','MARTINEZ PATIÑO JESSICA ',505,6,'INSCRITO','F',260,136,137,88.28,'2022-06-28 08:57:53','2022-06-28 08:57:53'),('INGENIERÍA EN SISTEMAS COMPUTACIONALES','19280797','GRANADOS PALMA PABLO ALBERTO ',505,6,'INSCRITO','M',260,134,137,86.86,'2022-06-28 08:57:53','2022-06-28 08:57:53'),('INGENIERÍA EN SISTEMAS COMPUTACIONALES','19280887','PUENTES GÓMEZ LUIS ARTURO',505,6,'INSCRITO','M',260,134,137,88.62,'2022-06-28 08:57:53','2022-06-28 08:57:53'),('INGENIERÍA EN SISTEMAS COMPUTACIONALES','19281135','GARCÉS MORALES DIEGO',505,6,'INSCRITO','M',260,130,137,84.14,'2022-06-28 08:57:53','2022-06-28 08:57:53'),('INGENIERÍA EN SISTEMAS COMPUTACIONALES','19281137','DELGADO GONZALEZ DANIEL MARCELO ',505,6,'INSCRITO','M',260,90,137,75.00,'2022-06-28 08:57:53','2022-06-28 08:57:53'),('INGENIERÍA EN SISTEMAS COMPUTACIONALES','19281144','ALBARRAN PEÑA JULIO CESAR',505,6,'INSCRITO','M',260,66,137,71.31,'2022-06-28 08:57:53','2022-06-28 08:57:53'),('INGENIERÍA EN SISTEMAS COMPUTACIONALES','19281153','SAMPEDRO SANDOVAL ISMAEL',505,6,'INSCRITO','M',260,71,137,73.59,'2022-06-28 08:57:53','2022-06-28 08:57:53'),('INGENIERÍA EN SISTEMAS COMPUTACIONALES','19281154','CUENCA CHAVEZ GILBERTO EDUARDO',505,6,'INSCRITO','M',260,75,137,61.43,'2022-06-28 08:57:53','2022-06-28 08:57:53'),('INGENIERÍA EN SISTEMAS COMPUTACIONALES','19281157','ESTRADA CARBAJAL BRAYAN URIEL',505,6,'INSCRITO','M',260,100,137,84.71,'2022-06-28 08:57:53','2022-06-28 08:57:53'),('INGENIERÍA EN SISTEMAS COMPUTACIONALES','19281160','BARTOLO MEDINA JEAN CARLO ',505,6,'INSCRITO','M',260,124,137,80.67,'2022-06-28 08:57:53','2022-06-28 08:57:53'),('INGENIERÍA EN SISTEMAS COMPUTACIONALES','19281164','FARFAN SALAZAR DANIEL BRAULIO ',505,6,'INSCRITO','M',260,100,137,85.81,'2022-06-28 08:57:53','2022-06-28 08:57:53'),('INGENIERÍA EN SISTEMAS COMPUTACIONALES','19281179','GONZALEZ MORALES VANESSA',505,6,'INSCRITO','F',260,84,137,67.68,'2022-06-28 08:57:53','2022-06-28 08:57:53'),('INGENIERÍA EN SISTEMAS COMPUTACIONALES','19281181','SANTILLAN PEREZ ALFREDO ENRIQUE',505,6,'INSCRITO','M',260,70,137,76.00,'2022-06-28 08:57:53','2022-06-28 08:57:53'),('INGENIERÍA EN SISTEMAS COMPUTACIONALES','19281229','GAMA HERNANDEZ AZUCENA',505,10,'INSCRITO','F',260,208,240,82.67,'2022-06-28 08:57:53','2022-06-28 08:57:53'),('INGENIERÍA EN SISTEMAS COMPUTACIONALES','19281249','GONZALEZ MONTAÑO ERICK',505,10,'INSCRITO','M',260,227,240,83.21,'2022-06-28 08:57:53','2022-06-28 08:57:53'),('INGENIERÍA EN SISTEMAS COMPUTACIONALES','19530339','LUNA VAZQUEZ JUAN SANTIAGO',505,3,'INSCRITO','M',260,23,55,44.30,'2022-06-28 08:57:53','2022-06-28 08:57:53'),('INGENIERÍA EN SISTEMAS COMPUTACIONALES','20280170','MOLINA VILLALVA FABIÁN',505,5,'INSCRITO','M',260,67,112,78.29,'2022-06-28 08:57:53','2022-06-28 08:57:53'),('INGENIERÍA EN SISTEMAS COMPUTACIONALES','20280171','GARCIA BUSTAMANTE LUIS GERARDO',505,5,'INSCRITO','M',260,96,112,84.75,'2022-06-28 08:57:53','2022-06-28 08:57:53'),('INGENIERÍA EN SISTEMAS COMPUTACIONALES','20280172','GARCIA SERRANO MARIA ELENA',505,5,'INSCRITO','F',260,91,112,84.16,'2022-06-28 08:57:53','2022-06-28 08:57:53'),('INGENIERÍA EN SISTEMAS COMPUTACIONALES','20280174','LOPEZ GARCIA ALAN',505,5,'INSCRITO','M',260,96,112,76.24,'2022-06-28 08:57:53','2022-06-28 08:57:53'),('INGENIERÍA EN SISTEMAS COMPUTACIONALES','20280175','ORTEGA SILVA SAUL',505,5,'INSCRITO','M',260,71,112,74.06,'2022-06-28 08:57:53','2022-06-28 08:57:53'),('INGENIERÍA EN SISTEMAS COMPUTACIONALES','20280176','BECERRIL MIRANDA JOSE EDUARDO',505,5,'INSCRITO','M',260,44,112,58.23,'2022-06-28 08:57:53','2022-06-28 08:57:53'),('INGENIERÍA EN SISTEMAS COMPUTACIONALES','20280177','MARIN RODRIGUEZ CITLALLI',505,5,'INSCRITO','F',260,96,112,85.40,'2022-06-28 08:57:53','2022-06-28 08:57:53'),('INGENIERÍA EN SISTEMAS COMPUTACIONALES','20280178','TORIJA ACOSTA JAVIER ALEJANDRO',505,5,'INSCRITO','M',260,71,112,64.53,'2022-06-28 08:57:53','2022-06-28 08:57:53'),('INGENIERÍA EN SISTEMAS COMPUTACIONALES','20280181','FLORES LARA MIRIAM',505,5,'INSCRITO','F',260,72,112,77.69,'2022-06-28 08:57:53','2022-06-28 08:57:53'),('INGENIERÍA EN SISTEMAS COMPUTACIONALES','20280183','TEPICHIN JARDON JOSHUA HIMNI',505,5,'INSCRITO','M',260,53,112,65.69,'2022-06-28 08:57:53','2022-06-28 08:57:53'),('INGENIERÍA EN SISTEMAS COMPUTACIONALES','20280197','GOMEZ FLORES ALBERTO ALEJANDRO',505,5,'INSCRITO','M',260,97,112,76.14,'2022-06-28 08:57:53','2022-06-28 08:57:53'),('INGENIERÍA EN SISTEMAS COMPUTACIONALES','20280210','SALGADO DAVILA LUIS ALBERTO',505,5,'INSCRITO','M',260,76,112,71.11,'2022-06-28 08:57:53','2022-06-28 08:57:53'),('INGENIERÍA EN SISTEMAS COMPUTACIONALES','20280212','MORAN  GONZALEZ EVELYN GISELLE',505,5,'INSCRITO','F',260,54,112,64.29,'2022-06-28 08:57:53','2022-06-28 08:57:53'),('INGENIERÍA EN SISTEMAS COMPUTACIONALES','20280216','HERNANDEZ GONZALEZ ISIS IRAIS',505,5,'INSCRITO','F',260,71,112,70.35,'2022-06-28 08:57:53','2022-06-28 08:57:53'),('INGENIERÍA EN SISTEMAS COMPUTACIONALES','20280224','NARANJO TENORIO HECTOR HUGO',505,5,'INSCRITO','M',260,71,112,70.53,'2022-06-28 08:57:53','2022-06-28 08:57:53'),('INGENIERÍA EN SISTEMAS COMPUTACIONALES','20280227','MUÑIZ MIRANDA FERNANDO YEHU',505,5,'INSCRITO','M',260,71,112,81.60,'2022-06-28 08:57:53','2022-06-28 08:57:53'),('INGENIERÍA EN SISTEMAS COMPUTACIONALES','20280249','GARCIA ROBLES IXCHEL DANNAE',505,8,'INSCRITO','F',260,116,198,62.90,'2022-06-28 08:57:53','2022-06-28 08:57:53'),('INGENIERÍA EN SISTEMAS COMPUTACIONALES','20280250','CERVANTES HONORATO JOVANNY',505,8,'INSCRITO','M',260,184,198,82.15,'2022-06-28 08:57:53','2022-06-28 08:57:53'),('INGENIERÍA EN SISTEMAS COMPUTACIONALES','20280253','DOMINGUEZ MERINO JOEL',505,10,'INSCRITO','M',260,240,240,89.10,'2022-06-28 08:57:53','2022-06-28 08:57:53'),('INGENIERÍA EN SISTEMAS COMPUTACIONALES','20280287','MIRANDA SANTOS ROBERTO EMILIANO',505,5,'INSCRITO','M',260,36,112,50.31,'2022-06-28 08:57:53','2022-06-28 08:57:53'),('INGENIERÍA EN SISTEMAS COMPUTACIONALES','20280710','VARGAS MIRANDA MAURICIO',505,4,'INSCRITO','M',260,53,84,65.00,'2022-06-28 08:57:53','2022-06-28 08:57:53'),('INGENIERÍA EN SISTEMAS COMPUTACIONALES','20280711','MONTALVO PÉREZ JONATHAN',505,4,'INSCRITO','M',260,82,84,84.24,'2022-06-28 08:57:53','2022-06-28 08:57:53'),('INGENIERÍA EN SISTEMAS COMPUTACIONALES','20280712','FIRO VELAZQUEZ DIANA SHERLYNE',505,4,'INSCRITO','F',260,88,84,88.22,'2022-06-28 08:57:53','2022-06-28 08:57:53'),('INGENIERÍA EN SISTEMAS COMPUTACIONALES','20280713','REYES MONTAÑO ANDRÉS',505,4,'INSCRITO','M',260,78,84,81.82,'2022-06-28 08:57:53','2022-06-28 08:57:53'),('INGENIERÍA EN SISTEMAS COMPUTACIONALES','20280714','VARGAS GARCÍA ERICK SEBASTIAN',505,4,'INSCRITO','M',260,71,84,78.25,'2022-06-28 08:57:53','2022-06-28 08:57:53'),('INGENIERÍA EN SISTEMAS COMPUTACIONALES','20280719','GODÍNEZ COLÍN SANDRA LILIANA',505,4,'INSCRITO','F',260,67,84,78.73,'2022-06-28 08:57:53','2022-06-28 08:57:53'),('INGENIERÍA EN SISTEMAS COMPUTACIONALES','20280720','DURÁN ESQUIVEL CÉSAR ADOLFO ',505,4,'INSCRITO','M',260,61,84,77.21,'2022-06-28 08:57:53','2022-06-28 08:57:53'),('INGENIERÍA EN SISTEMAS COMPUTACIONALES','20280721','SOLANO SANCHEZ EDGAR',505,4,'INSCRITO','M',260,38,84,71.11,'2022-06-28 08:57:53','2022-06-28 08:57:53'),('INGENIERÍA EN SISTEMAS COMPUTACIONALES','20280722','VELAZQUEZ GARCIA MELISSA FERNANDA',505,4,'INSCRITO','F',260,64,84,72.69,'2022-06-28 08:57:53','2022-06-28 08:57:53'),('INGENIERÍA EN SISTEMAS COMPUTACIONALES','20280723','CONSTANTINO CARDENAS JUAN CARLOS',505,4,'INSCRITO','M',260,80,84,81.78,'2022-06-28 08:57:53','2022-06-28 08:57:53'),('INGENIERÍA EN SISTEMAS COMPUTACIONALES','20280724','ALVAREZ CARRASCO BRYAN YAHIR',505,4,'INSCRITO','M',260,71,84,71.88,'2022-06-28 08:57:53','2022-06-28 08:57:53'),('INGENIERÍA EN SISTEMAS COMPUTACIONALES','20280725','MUÑOZ PRADO EDWIN ALESSANDRO',505,4,'INSCRITO','M',260,49,84,70.46,'2022-06-28 08:57:53','2022-06-28 08:57:53'),('INGENIERÍA EN SISTEMAS COMPUTACIONALES','20280726','BALLESTEROS ZARZA PEDRO',505,4,'INSCRITO','M',260,80,84,81.47,'2022-06-28 08:57:53','2022-06-28 08:57:53'),('INGENIERÍA EN SISTEMAS COMPUTACIONALES','20280727','ALARCON AREVALO DENIAM SAMUEL',505,4,'INSCRITO','M',260,69,84,75.18,'2022-06-28 08:57:53','2022-06-28 08:57:53'),('INGENIERÍA EN SISTEMAS COMPUTACIONALES','20280728','LOPEZ BASTIDA DIEGO IVAN',505,4,'INSCRITO','M',260,58,84,75.46,'2022-06-28 08:57:53','2022-06-28 08:57:53'),('INGENIERÍA EN SISTEMAS COMPUTACIONALES','20280729','GONZALEZ SANCHEZ RICARDO',505,4,'INSCRITO','M',260,60,84,82.38,'2022-06-28 08:57:53','2022-06-28 08:57:53'),('INGENIERÍA EN SISTEMAS COMPUTACIONALES','20280730','OSORIO BENITEZ DIEGO',505,4,'INSCRITO','M',260,70,84,73.29,'2022-06-28 08:57:53','2022-06-28 08:57:53'),('INGENIERÍA EN SISTEMAS COMPUTACIONALES','20280731','CANCÍN FIGUEROA DIEGO ALAN',505,4,'INSCRITO','M',260,86,84,87.94,'2022-06-28 08:57:53','2022-06-28 08:57:53'),('INGENIERÍA EN SISTEMAS COMPUTACIONALES','20280733','HERNANDEZ RODRIGUEZ CESAR ARMANDO',505,4,'INSCRITO','M',260,40,84,58.92,'2022-06-28 08:57:53','2022-06-28 08:57:53'),('INGENIERÍA EN SISTEMAS COMPUTACIONALES','20280734','BERNAL TREJO LUIS FERNANDO',505,4,'INSCRITO','M',260,77,84,84.19,'2022-06-28 08:57:53','2022-06-28 08:57:53'),('INGENIERÍA EN SISTEMAS COMPUTACIONALES','20280735','CONTRERAS  CUENCA AKIKO ALEXANDRA ',505,4,'INSCRITO','F',260,77,84,80.65,'2022-06-28 08:57:53','2022-06-28 08:57:53'),('INGENIERÍA EN SISTEMAS COMPUTACIONALES','20280736','DE LA CRUZ BALBUENA SAUL JESUS',505,4,'INSCRITO','M',260,56,84,78.77,'2022-06-28 08:57:53','2022-06-28 08:57:53'),('INGENIERÍA EN SISTEMAS COMPUTACIONALES','20280739','ARELLANO HERNÁNDEZ  KARINA',505,4,'INSCRITO','F',260,66,84,71.75,'2022-06-28 08:57:53','2022-06-28 08:57:53'),('INGENIERÍA EN SISTEMAS COMPUTACIONALES','20280740','BALDERAS GÓMEZ LUIS PEDRO',505,4,'INSCRITO','M',260,65,84,72.31,'2022-06-28 08:57:53','2022-06-28 08:57:53'),('INGENIERÍA EN SISTEMAS COMPUTACIONALES','20280741','PICHARDO GARCÍA  JOSÉ GILBERTO',505,4,'INSCRITO','M',260,70,84,81.19,'2022-06-28 08:57:53','2022-06-28 08:57:53'),('INGENIERÍA EN SISTEMAS COMPUTACIONALES','20280743','VELÁZQUEZ JARAMILLO SAÚL',505,4,'INSCRITO','M',260,62,84,72.67,'2022-06-28 08:57:53','2022-06-28 08:57:53'),('INGENIERÍA EN SISTEMAS COMPUTACIONALES','20280744','PEÑA REYNOSO JESÚS ',505,4,'INSCRITO','M',260,85,84,85.83,'2022-06-28 08:57:53','2022-06-28 08:57:53'),('INGENIERÍA EN SISTEMAS COMPUTACIONALES','20280746','PEREZ PICHARDO  ANTONIO URIEL ',505,4,'INSCRITO','M',260,52,84,64.79,'2022-06-28 08:57:53','2022-06-28 08:57:53'),('INGENIERÍA EN SISTEMAS COMPUTACIONALES','20280748','CASSIANO ROJAS ARIANA',505,4,'INSCRITO','F',260,64,84,82.43,'2022-06-28 08:57:53','2022-06-28 08:57:53'),('INGENIERÍA EN SISTEMAS COMPUTACIONALES','20280752','MÉNDEZ JIMÉNEZ KEVIN EMMANUEL',505,4,'INSCRITO','M',260,80,84,79.50,'2022-06-28 08:57:53','2022-06-28 08:57:53'),('INGENIERÍA EN SISTEMAS COMPUTACIONALES','20280753','VARGAS MONTIEL CRISTIAN AXEL',505,4,'INSCRITO','M',260,65,84,79.20,'2022-06-28 08:57:53','2022-06-28 08:57:53'),('INGENIERÍA EN SISTEMAS COMPUTACIONALES','20280755','OCADIS RODRIGUEZ DANIEL ALEJANDRO',505,4,'INSCRITO','M',260,71,84,83.47,'2022-06-28 08:57:53','2022-06-28 08:57:53'),('INGENIERÍA EN SISTEMAS COMPUTACIONALES','20280756','ROJAS VALDES EDGAR ALEJANDRO',505,4,'INSCRITO','M',260,54,84,73.85,'2022-06-28 08:57:53','2022-06-28 08:57:53'),('INGENIERÍA EN SISTEMAS COMPUTACIONALES','20280757','ARTEAGA ALVARADO FERNANDO ELÍAS',505,4,'INSCRITO','M',260,42,84,50.87,'2022-06-28 08:57:53','2022-06-28 08:57:53'),('INGENIERÍA EN SISTEMAS COMPUTACIONALES','20280759','NERI SALAZAR ANGEL',505,4,'INSCRITO','M',260,49,84,70.38,'2022-06-28 08:57:53','2022-06-28 08:57:53'),('INGENIERÍA EN SISTEMAS COMPUTACIONALES','20280760','VILLEGAS LOPEZ JOSE LUIS',505,4,'INSCRITO','M',260,85,84,84.72,'2022-06-28 08:57:53','2022-06-28 08:57:53'),('INGENIERÍA EN SISTEMAS COMPUTACIONALES','20280761','CANTINCA CHAVEZ NANCY BERENICE',505,4,'INSCRITO','F',260,66,84,80.93,'2022-06-28 08:57:53','2022-06-28 08:57:53'),('INGENIERÍA EN SISTEMAS COMPUTACIONALES','20280762','SOLANO JAVIER EDGAR',505,4,'INSCRITO','M',260,71,84,76.65,'2022-06-28 08:57:53','2022-06-28 08:57:53'),('INGENIERÍA EN SISTEMAS COMPUTACIONALES','20280763','RITA  ORTIZ SANDRA GLORIA',505,4,'INSCRITO','F',260,75,84,87.13,'2022-06-28 08:57:53','2022-06-28 08:57:53'),('INGENIERÍA EN SISTEMAS COMPUTACIONALES','20280764','HERNÁNDEZ BECERRIL ALEJANDRO',505,4,'INSCRITO','M',260,86,84,88.44,'2022-06-28 08:57:53','2022-06-28 08:57:53'),('INGENIERÍA EN SISTEMAS COMPUTACIONALES','20280765','BERNAL MARTINEZ BRANDON',505,4,'INSCRITO','M',260,60,84,74.80,'2022-06-28 08:57:53','2022-06-28 08:57:53'),('INGENIERÍA EN SISTEMAS COMPUTACIONALES','20280766','MORALES RODRÍGUEZ ARATH HÉCTOR ',505,4,'INSCRITO','M',260,81,84,86.18,'2022-06-28 08:57:53','2022-06-28 08:57:53'),('INGENIERÍA EN SISTEMAS COMPUTACIONALES','20280767','REYES  MERCADO  LUIS EDUARDO ',505,4,'INSCRITO','M',260,18,84,41.25,'2022-06-28 08:57:53','2022-06-28 08:57:53'),('INGENIERÍA EN SISTEMAS COMPUTACIONALES','20280768','FLORES QUIÑONEZ RAYMUNDO ULISES',505,4,'INSCRITO','M',260,49,84,67.15,'2022-06-28 08:57:53','2022-06-28 08:57:53'),('INGENIERÍA EN SISTEMAS COMPUTACIONALES','20280769','ROQUE ZEPEDA JAIME GABRIEL ',505,4,'INSCRITO','M',260,70,84,84.87,'2022-06-28 08:57:53','2022-06-28 08:57:53'),('INGENIERÍA EN SISTEMAS COMPUTACIONALES','20280770','GONZALEZ NABOR MELANIE',505,4,'INSCRITO','F',260,74,84,77.00,'2022-06-28 08:57:53','2022-06-28 08:57:53'),('INGENIERÍA EN SISTEMAS COMPUTACIONALES','20280771','ESLAVA ATENOGENES JONATAN GUSTAVO',505,4,'INSCRITO','M',260,85,84,89.22,'2022-06-28 08:57:53','2022-06-28 08:57:53'),('INGENIERÍA EN SISTEMAS COMPUTACIONALES','20280772','LINARES GUEVARA ALEJANDRO',505,4,'INSCRITO','M',260,74,84,82.53,'2022-06-28 08:57:53','2022-06-28 08:57:53'),('INGENIERÍA EN SISTEMAS COMPUTACIONALES','20280773','MARTÍNEZ PÉREZ  RICARDO',505,4,'INSCRITO','M',260,72,84,86.47,'2022-06-28 08:57:53','2022-06-28 08:57:53'),('INGENIERÍA EN SISTEMAS COMPUTACIONALES','20280774','DIAZ  POSADAS CESAR DAVID',505,4,'INSCRITO','M',260,65,84,81.33,'2022-06-28 08:57:53','2022-06-28 08:57:53'),('INGENIERÍA EN SISTEMAS COMPUTACIONALES','20280775','FLORES DIAZ JOB JOSUE',505,4,'INSCRITO','M',260,47,84,67.83,'2022-06-28 08:57:53','2022-06-28 08:57:53'),('INGENIERÍA EN SISTEMAS COMPUTACIONALES','20280777','DIAZ CHAVEZ LIZBETH SARAHI ',505,4,'INSCRITO','F',260,69,84,85.53,'2022-06-28 08:57:53','2022-06-28 08:57:53'),('INGENIERÍA EN SISTEMAS COMPUTACIONALES','20280780','AVILA PEREZ SETH',505,4,'INSCRITO','M',260,70,84,85.27,'2022-06-28 08:57:53','2022-06-28 08:57:53'),('INGENIERÍA EN SISTEMAS COMPUTACIONALES','20280783','AGUIRRE  TRUJILLO WENDY VIOLETA',505,4,'INSCRITO','F',260,81,84,80.61,'2022-06-28 08:57:53','2022-06-28 08:57:53'),('INGENIERÍA EN SISTEMAS COMPUTACIONALES','20280784','GONZALEZ VELAZQUEZ AARON BRAYAN ',505,4,'INSCRITO','M',260,70,84,80.44,'2022-06-28 08:57:53','2022-06-28 08:57:53'),('INGENIERÍA EN SISTEMAS COMPUTACIONALES','20280785','EMETERIO GÓMEZ SANDRA',505,4,'INSCRITO','F',260,77,84,77.56,'2022-06-28 08:57:53','2022-06-28 08:57:53'),('INGENIERÍA EN SISTEMAS COMPUTACIONALES','20280787','MARTINEZ TAPIA JOSE FRANCISCO ',505,4,'INSCRITO','M',260,75,84,81.12,'2022-06-28 08:57:53','2022-06-28 08:57:53'),('INGENIERÍA EN SISTEMAS COMPUTACIONALES','20280788','VARGAS MORAN YOSHUA DARUMA',505,4,'INSCRITO','M',260,70,84,81.06,'2022-06-28 08:57:53','2022-06-28 08:57:53'),('INGENIERÍA EN SISTEMAS COMPUTACIONALES','20280789','SERRANO CASTILLO JAFET',505,4,'INSCRITO','M',260,49,84,62.67,'2022-06-28 08:57:53','2022-06-28 08:57:53'),('INGENIERÍA EN SISTEMAS COMPUTACIONALES','20280790','BRAGADO MENDOZA ROLANDO MAXIMILIANO ',505,4,'INSCRITO','M',260,65,84,74.50,'2022-06-28 08:57:53','2022-06-28 08:57:53'),('INGENIERÍA EN SISTEMAS COMPUTACIONALES','20280792','GÓMEZ OSORIO KARLA ANAHÍ',505,4,'INSCRITO','F',260,71,84,84.60,'2022-06-28 08:57:53','2022-06-28 08:57:53'),('INGENIERÍA EN SISTEMAS COMPUTACIONALES','20280793','MEJÍA MAYA BRUNO',505,4,'INSCRITO','M',260,61,84,77.00,'2022-06-28 08:57:53','2022-06-28 08:57:53'),('INGENIERÍA EN SISTEMAS COMPUTACIONALES','20280794','MOLINA DE LA CRUZ MOISES OLIVER',505,4,'INSCRITO','M',260,60,84,71.40,'2022-06-28 08:57:53','2022-06-28 08:57:53'),('INGENIERÍA EN SISTEMAS COMPUTACIONALES','20280795','GONZALEZ MARTINEZ JOSUE EMMANUEL',505,4,'INSCRITO','M',260,74,84,82.47,'2022-06-28 08:57:53','2022-06-28 08:57:53'),('INGENIERÍA EN SISTEMAS COMPUTACIONALES','20280797','CRUZ FLORES  AARÓN ',505,4,'INSCRITO','M',260,44,84,72.42,'2022-06-28 08:57:53','2022-06-28 08:57:53'),('INGENIERÍA EN SISTEMAS COMPUTACIONALES','20280799','ROMERO SÁMANO WALTER ALEXIS ',505,4,'INSCRITO','M',260,86,84,88.94,'2022-06-28 08:57:53','2022-06-28 08:57:53'),('INGENIERÍA EN SISTEMAS COMPUTACIONALES','20280801','TOVAR REYES JOSÉ ANTONIO',505,4,'INSCRITO','M',260,47,84,65.62,'2022-06-28 08:57:53','2022-06-28 08:57:53'),('INGENIERÍA EN SISTEMAS COMPUTACIONALES','20280803','MERINO LEYVA SOFIA',505,4,'INSCRITO','F',260,77,84,86.06,'2022-06-28 08:57:53','2022-06-28 08:57:53'),('INGENIERÍA EN SISTEMAS COMPUTACIONALES','20280805','GARCÍA GUTIÉRREZ FRANCISCO',505,4,'INSCRITO','M',260,74,84,80.29,'2022-06-28 08:57:53','2022-06-28 08:57:53'),('INGENIERÍA EN SISTEMAS COMPUTACIONALES','20280806','SALINAS DIAZ JOSÉ GUILLERMO',505,4,'INSCRITO','M',260,66,84,82.71,'2022-06-28 08:57:53','2022-06-28 08:57:53'),('INGENIERÍA EN SISTEMAS COMPUTACIONALES','20280807','PALMA AGUILAR JOSÉ JAVIER ',505,4,'INSCRITO','M',260,85,84,84.39,'2022-06-28 08:57:53','2022-06-28 08:57:53'),('INGENIERÍA EN SISTEMAS COMPUTACIONALES','20280808','PEÑA ARAUJO EDUARDO DAVID',505,4,'INSCRITO','M',260,74,84,88.56,'2022-06-28 08:57:53','2022-06-28 08:57:53'),('INGENIERÍA EN SISTEMAS COMPUTACIONALES','20281111','MORGAN ESPINOSA GUSTAVO',505,6,'INSCRITO','M',260,68,137,63.42,'2022-06-28 08:57:53','2022-06-28 08:57:53'),('INGENIERÍA EN SISTEMAS COMPUTACIONALES','20281432','MILLAN GONZALEZ JESUS EDUARDO',505,4,'INSCRITO','M',260,41,84,61.83,'2022-06-28 08:57:53','2022-06-28 08:57:53'),('INGENIERÍA EN SISTEMAS COMPUTACIONALES','20281433','SALAS  BELTRÁN  JOSÉ LUIS ',505,4,'INSCRITO','M',260,46,84,73.45,'2022-06-28 08:57:53','2022-06-28 08:57:53'),('INGENIERÍA EN SISTEMAS COMPUTACIONALES','20281435','MADERO  JIMENEZ  BRENDA MONSERRATH ',505,4,'INSCRITO','F',260,38,84,69.22,'2022-06-28 08:57:53','2022-06-28 08:57:53'),('INGENIERÍA EN SISTEMAS COMPUTACIONALES','20281437','SERRANO LORENZO NAYUMI SINAI',505,4,'INSCRITO','F',260,75,84,83.47,'2022-06-28 08:57:53','2022-06-28 08:57:53'),('INGENIERÍA EN SISTEMAS COMPUTACIONALES','20281438','HERNANDEZ VAZQUEZ BRYAN',505,4,'INSCRITO','M',260,81,84,82.24,'2022-06-28 08:57:53','2022-06-28 08:57:53'),('INGENIERÍA EN SISTEMAS COMPUTACIONALES','20281439','HERNANDEZ REYES JAN CARLO',505,4,'INSCRITO','M',260,61,84,76.93,'2022-06-28 08:57:53','2022-06-28 08:57:53'),('INGENIERÍA EN SISTEMAS COMPUTACIONALES','20281440','SALINAS ROJAS GUSTAVO DAVID',505,4,'INSCRITO','M',260,61,84,81.07,'2022-06-28 08:57:53','2022-06-28 08:57:53'),('INGENIERÍA EN SISTEMAS COMPUTACIONALES','20281447','VAZQUEZ SANCHEZ LUIS ALBERTO',505,4,'INSCRITO','M',260,63,84,81.71,'2022-06-28 08:57:53','2022-06-28 08:57:53'),('INGENIERÍA EN SISTEMAS COMPUTACIONALES','20281480','HERNÁNDEZ  LONGINOS  EMMANUEL',505,4,'INSCRITO','M',260,53,84,66.54,'2022-06-28 08:57:53','2022-06-28 08:57:53'),('INGENIERÍA EN SISTEMAS COMPUTACIONALES','21280014','VICENTE DÍAZ FATIMA',505,5,'INSCRITO','F',260,81,112,77.68,'2022-06-28 08:57:53','2022-06-28 08:57:53'),('INGENIERÍA EN SISTEMAS COMPUTACIONALES','21280536','ACUÑA TABACO ROBERTO CARLOS',505,2,'INSCRITO','M',260,22,27,71.33,'2022-06-28 08:57:53','2022-06-28 08:57:53'),('INGENIERÍA EN SISTEMAS COMPUTACIONALES','21280537','ALBARRAN RIVAS RAUL JACOB',505,2,'INSCRITO','M',260,22,27,72.00,'2022-06-28 08:57:53','2022-06-28 08:57:53'),('INGENIERÍA EN SISTEMAS COMPUTACIONALES','21280539','ARMEAGA PICHARDO CRISTIAN',505,2,'INSCRITO','M',260,22,27,73.00,'2022-06-28 08:57:53','2022-06-28 08:57:53'),('INGENIERÍA EN SISTEMAS COMPUTACIONALES','21280541','BARRERA MENDOZA KARLA NOEMI',505,2,'INSCRITO','F',260,27,27,91.67,'2022-06-28 08:57:53','2022-06-28 08:57:53'),('INGENIERÍA EN SISTEMAS COMPUTACIONALES','21280542','BAUTISTA PICHARDO RICARDO',505,2,'INSCRITO','M',260,22,27,74.50,'2022-06-28 08:57:53','2022-06-28 08:57:53'),('INGENIERÍA EN SISTEMAS COMPUTACIONALES','21280543','BECERRA AVILES RICARDO',505,2,'INSCRITO','M',260,27,27,84.67,'2022-06-28 08:57:53','2022-06-28 08:57:53'),('INGENIERÍA EN SISTEMAS COMPUTACIONALES','21280544','BERMÚDEZ QUINTERO PABLO CÉSAR',505,2,'INSCRITO','M',260,27,27,88.50,'2022-06-28 08:57:53','2022-06-28 08:57:53'),('INGENIERÍA EN SISTEMAS COMPUTACIONALES','21280545','CADENA JARDON AXEL',505,2,'INSCRITO','M',260,4,27,15.17,'2022-06-28 08:57:53','2022-06-28 08:57:53'),('INGENIERÍA EN SISTEMAS COMPUTACIONALES','21280546','CASTILLO FRANCO YAEL',505,2,'INSCRITO','M',260,12,27,43.50,'2022-06-28 08:57:53','2022-06-28 08:57:53'),('INGENIERÍA EN SISTEMAS COMPUTACIONALES','21280547','CASTILLO TERRON RAMON',505,2,'INSCRITO','M',260,17,27,56.50,'2022-06-28 08:57:53','2022-06-28 08:57:53'),('INGENIERÍA EN SISTEMAS COMPUTACIONALES','21280548','CERVANTES RODRIGUEZ CESAR EDUARDO',505,2,'INSCRITO','M',260,29,27,88.83,'2022-06-28 08:57:53','2022-06-28 08:57:53'),('INGENIERÍA EN SISTEMAS COMPUTACIONALES','21280549','COLIN PANIAGUA YARA',505,2,'INSCRITO','F',260,27,27,94.33,'2022-06-28 08:57:53','2022-06-28 08:57:53'),('INGENIERÍA EN SISTEMAS COMPUTACIONALES','21280550','DE LA CRUZ HERNÁNDEZ CRISTIAN ENRIQUE',505,2,'INSCRITO','M',260,22,27,69.83,'2022-06-28 08:57:53','2022-06-28 08:57:53'),('INGENIERÍA EN SISTEMAS COMPUTACIONALES','21280551','DE LA CRUZ FLORES LUIS GAEL',505,2,'INSCRITO','M',260,17,27,58.00,'2022-06-28 08:57:53','2022-06-28 08:57:53'),('INGENIERÍA EN SISTEMAS COMPUTACIONALES','21280554','DOTOR QUIROZ RAYMUNDO',505,2,'INSCRITO','M',260,17,27,59.17,'2022-06-28 08:57:53','2022-06-28 08:57:53'),('INGENIERÍA EN SISTEMAS COMPUTACIONALES','21280555','EMILIO RAMOS JOSÉ EMMANUEL',505,2,'INSCRITO','M',260,4,27,16.00,'2022-06-28 08:57:53','2022-06-28 08:57:53'),('INGENIERÍA EN SISTEMAS COMPUTACIONALES','21280556','ESCOBEDO SERRANO ENID TAMARA',505,2,'INSCRITO','F',260,27,27,91.33,'2022-06-28 08:57:53','2022-06-28 08:57:53'),('INGENIERÍA EN SISTEMAS COMPUTACIONALES','21280557','ESQUIVEL FLORES JONATHAN',505,2,'INSCRITO','M',260,22,27,73.83,'2022-06-28 08:57:53','2022-06-28 08:57:53'),('INGENIERÍA EN SISTEMAS COMPUTACIONALES','21280558','FABELA ENRIQUEZ LUIS ANGEL',505,2,'INSCRITO','M',260,12,27,44.33,'2022-06-28 08:57:53','2022-06-28 08:57:53'),('INGENIERÍA EN SISTEMAS COMPUTACIONALES','21280559','FERNÁNDEZ GÓMEZ ANDREA',505,2,'INSCRITO','F',260,27,27,87.00,'2022-06-28 08:57:53','2022-06-28 08:57:53'),('INGENIERÍA EN SISTEMAS COMPUTACIONALES','21280560','FLORES AGUIRRE ASHLEY',505,2,'INSCRITO','F',260,27,27,88.67,'2022-06-28 08:57:53','2022-06-28 08:57:53'),('INGENIERÍA EN SISTEMAS COMPUTACIONALES','21280561','GARCIA ORDOÑEZ OLIVER',505,2,'INSCRITO','M',260,27,27,92.33,'2022-06-28 08:57:53','2022-06-28 08:57:53'),('INGENIERÍA EN SISTEMAS COMPUTACIONALES','21280562','GARCIA ESTRADA NANCY',505,2,'INSCRITO','F',260,17,27,60.00,'2022-06-28 08:57:53','2022-06-28 08:57:53'),('INGENIERÍA EN SISTEMAS COMPUTACIONALES','21280563','GARCIA NAVA RENATO',505,2,'INSCRITO','M',260,12,27,44.83,'2022-06-28 08:57:53','2022-06-28 08:57:53'),('INGENIERÍA EN SISTEMAS COMPUTACIONALES','21280565','GONZÁLEZ DÍAZ CARLOS AARÓN',505,2,'INSCRITO','M',260,27,27,90.50,'2022-06-28 08:57:53','2022-06-28 08:57:53'),('INGENIERÍA EN SISTEMAS COMPUTACIONALES','21280566','GONZÁLEZ SUÁREZ ERICKA',505,2,'INSCRITO','F',260,27,27,91.67,'2022-06-28 08:57:53','2022-06-28 08:57:53'),('INGENIERÍA EN SISTEMAS COMPUTACIONALES','21280567','GUADARRAMA CONDÉS RICARDO',505,2,'INSCRITO','M',260,22,27,71.33,'2022-06-28 08:57:53','2022-06-28 08:57:53'),('INGENIERÍA EN SISTEMAS COMPUTACIONALES','21280568','HERNANDEZ VERA JUAN JOSE',505,2,'INSCRITO','M',260,27,27,90.00,'2022-06-28 08:57:53','2022-06-28 08:57:53'),('INGENIERÍA EN SISTEMAS COMPUTACIONALES','21280569','HERNÁNDEZ VACA VALERIA',505,2,'INSCRITO','F',260,22,27,70.67,'2022-06-28 08:57:53','2022-06-28 08:57:53'),('INGENIERÍA EN SISTEMAS COMPUTACIONALES','21280570','HERNANDEZ DIAZ MARIANA SINAI',505,2,'INSCRITO','F',260,27,27,88.33,'2022-06-28 08:57:53','2022-06-28 08:57:53'),('INGENIERÍA EN SISTEMAS COMPUTACIONALES','21280572','HERNÁNDEZ GONZÁLEZ MARCO ANTONIO',505,2,'INSCRITO','M',260,22,27,70.83,'2022-06-28 08:57:53','2022-06-28 08:57:53'),('INGENIERÍA EN SISTEMAS COMPUTACIONALES','21280573','IBARRA MARTÍNEZ EIMÉ ANDREA',505,2,'INSCRITO','F',260,22,27,74.50,'2022-06-28 08:57:53','2022-06-28 08:57:53'),('INGENIERÍA EN SISTEMAS COMPUTACIONALES','21280575','JIMÉNEZ CRUZ JOSUÉ EDUARDO',505,2,'INSCRITO','M',260,22,27,74.00,'2022-06-28 08:57:53','2022-06-28 08:57:53'),('INGENIERÍA EN SISTEMAS COMPUTACIONALES','21280576','JUÁREZ MEJÍA HUGO JOSHUA',505,2,'INSCRITO','M',260,27,27,88.50,'2022-06-28 08:57:53','2022-06-28 08:57:53'),('INGENIERÍA EN SISTEMAS COMPUTACIONALES','21280577','LARA CARRANZA DANIELA',505,2,'INSCRITO','F',260,27,27,91.67,'2022-06-28 08:57:53','2022-06-28 08:57:53'),('INGENIERÍA EN SISTEMAS COMPUTACIONALES','21280578','LÓPEZ GONZÁLEZ JESÚS FERNANDO',505,2,'INSCRITO','M',260,27,27,84.83,'2022-06-28 08:57:53','2022-06-28 08:57:53'),('INGENIERÍA EN SISTEMAS COMPUTACIONALES','21280579','LOPEZ CORTES MARCO ANTONIO',505,2,'INSCRITO','M',260,22,27,72.33,'2022-06-28 08:57:53','2022-06-28 08:57:53'),('INGENIERÍA EN SISTEMAS COMPUTACIONALES','21280580','MARTINEZ RUARO INGRID CITLALI',505,2,'INSCRITO','F',260,17,27,59.00,'2022-06-28 08:57:53','2022-06-28 08:57:53'),('INGENIERÍA EN SISTEMAS COMPUTACIONALES','21280581','MARTINEZ MALDONADO MARIO',505,2,'INSCRITO','M',260,27,27,86.17,'2022-06-28 08:57:53','2022-06-28 08:57:53'),('INGENIERÍA EN SISTEMAS COMPUTACIONALES','21280585','MILLAN DESALES RAUL',505,2,'INSCRITO','M',260,22,27,73.17,'2022-06-28 08:57:53','2022-06-28 08:57:53'),('INGENIERÍA EN SISTEMAS COMPUTACIONALES','21280586','MORALES CRUZ ANGEL EMMANUEL',505,2,'INSCRITO','M',260,27,27,90.17,'2022-06-28 08:57:53','2022-06-28 08:57:53'),('INGENIERÍA EN SISTEMAS COMPUTACIONALES','21280587','MORALES DE LOS ANGELES ARMANDO',505,2,'INSCRITO','M',260,27,27,87.83,'2022-06-28 08:57:53','2022-06-28 08:57:53'),('INGENIERÍA EN SISTEMAS COMPUTACIONALES','21280588','MOYA RODRÍGUEZ MARIO ALBERTO',505,2,'INSCRITO','M',260,17,27,56.67,'2022-06-28 08:57:53','2022-06-28 08:57:53'),('INGENIERÍA EN SISTEMAS COMPUTACIONALES','21280590','NAVA REYES YAEL',505,2,'INSCRITO','M',260,27,27,87.33,'2022-06-28 08:57:53','2022-06-28 08:57:53'),('INGENIERÍA EN SISTEMAS COMPUTACIONALES','21280591','ORTEGA AGUILAR ALEXA MARIEL',505,2,'INSCRITO','F',260,17,27,56.33,'2022-06-28 08:57:53','2022-06-28 08:57:53'),('INGENIERÍA EN SISTEMAS COMPUTACIONALES','21280593','QUINTANA MONTIEL HÉCTOR ENOC',505,2,'INSCRITO','M',260,17,27,55.50,'2022-06-28 08:57:53','2022-06-28 08:57:53'),('INGENIERÍA EN SISTEMAS COMPUTACIONALES','21280594','RAMÍREZ GONZÁLEZ IKER GAEL',505,2,'INSCRITO','M',260,27,27,91.67,'2022-06-28 08:57:53','2022-06-28 08:57:53'),('INGENIERÍA EN SISTEMAS COMPUTACIONALES','21280595','RAMIREZ GARCIA JOSE ALEJANDRO',505,2,'INSCRITO','M',260,22,27,73.17,'2022-06-28 08:57:53','2022-06-28 08:57:53'),('INGENIERÍA EN SISTEMAS COMPUTACIONALES','21280596','RAMIREZ BAUTISTA GAEL EMILIANO',505,2,'INSCRITO','M',260,8,27,29.50,'2022-06-28 08:57:53','2022-06-28 08:57:53'),('INGENIERÍA EN SISTEMAS COMPUTACIONALES','21280597','REYES LEÓN JOSHUA',505,2,'INSCRITO','M',260,22,27,71.33,'2022-06-28 08:57:53','2022-06-28 08:57:53'),('INGENIERÍA EN SISTEMAS COMPUTACIONALES','21280598','REYES MONJARAZ ISAAC LEVI',505,2,'INSCRITO','M',260,17,27,57.33,'2022-06-28 08:57:53','2022-06-28 08:57:53'),('INGENIERÍA EN SISTEMAS COMPUTACIONALES','21280599','REYES SUÁREZ GUADALUPE SAMARA',505,2,'INSCRITO','F',260,27,27,87.33,'2022-06-28 08:57:53','2022-06-28 08:57:53'),('INGENIERÍA EN SISTEMAS COMPUTACIONALES','21280600','REYNOSO REYES MARCO ANTONIO',505,2,'INSCRITO','M',260,12,27,45.17,'2022-06-28 08:57:53','2022-06-28 08:57:53'),('INGENIERÍA EN SISTEMAS COMPUTACIONALES','21280601','ROMERO ALEJO AISLINN PILAR',505,2,'INSCRITO','F',260,27,27,90.50,'2022-06-28 08:57:53','2022-06-28 08:57:53'),('INGENIERÍA EN SISTEMAS COMPUTACIONALES','21280602','ROSETE GARCIA EMMANUEL',505,2,'INSCRITO','M',260,22,27,73.00,'2022-06-28 08:57:53','2022-06-28 08:57:53'),('INGENIERÍA EN SISTEMAS COMPUTACIONALES','21280603','SANABRIA PÉREZ BRAULIO',505,2,'INSCRITO','M',260,22,27,69.83,'2022-06-28 08:57:53','2022-06-28 08:57:53'),('INGENIERÍA EN SISTEMAS COMPUTACIONALES','21280604','SÁNCHEZ GONZÁLEZ DAVID',505,2,'INSCRITO','M',260,27,27,90.33,'2022-06-28 08:57:53','2022-06-28 08:57:53'),('INGENIERÍA EN SISTEMAS COMPUTACIONALES','21280605','SANCHEZ ESQUIVEL CARLOS YAHIR',505,2,'INSCRITO','M',260,27,27,83.33,'2022-06-28 08:57:53','2022-06-28 08:57:53'),('INGENIERÍA EN SISTEMAS COMPUTACIONALES','21280606','SÁNCHEZ MENDOZA ADRIANA PAOLA',505,2,'INSCRITO','F',260,27,27,87.67,'2022-06-28 08:57:53','2022-06-28 08:57:53'),('INGENIERÍA EN SISTEMAS COMPUTACIONALES','21280607','SANCHEZ SALINAS LUIS ISAIAS',505,2,'INSCRITO','M',260,12,27,45.67,'2022-06-28 08:57:53','2022-06-28 08:57:53'),('INGENIERÍA EN SISTEMAS COMPUTACIONALES','21280608','SANTANA ANICETO ANA ITZEL',505,2,'INSCRITO','F',260,27,27,95.50,'2022-06-28 08:57:53','2022-06-28 08:57:53'),('INGENIERÍA EN SISTEMAS COMPUTACIONALES','21280609','SANTIAGO SANTIAGO AIXA BRIDGET',505,2,'INSCRITO','F',260,27,27,87.17,'2022-06-28 08:57:53','2022-06-28 08:57:53'),('INGENIERÍA EN SISTEMAS COMPUTACIONALES','21280610','SOLORZANO ROJAS DAVID',505,2,'INSCRITO','M',260,17,27,55.00,'2022-06-28 08:57:53','2022-06-28 08:57:53'),('INGENIERÍA EN SISTEMAS COMPUTACIONALES','21280611','TAPIA IÑIGUEZ ALAN ALFREDO',505,2,'INSCRITO','M',260,22,27,69.67,'2022-06-28 08:57:53','2022-06-28 08:57:53'),('INGENIERÍA EN SISTEMAS COMPUTACIONALES','21280612','TERRÓN MEJÍA ULISES BERTÍN',505,2,'INSCRITO','M',260,22,27,68.50,'2022-06-28 08:57:53','2022-06-28 08:57:53'),('INGENIERÍA EN SISTEMAS COMPUTACIONALES','21280613','VALDES BURGOS ERIK DAVID',505,2,'INSCRITO','M',260,22,27,69.00,'2022-06-28 08:57:53','2022-06-28 08:57:53'),('INGENIERÍA EN SISTEMAS COMPUTACIONALES','21280614','VALLADARES OSORIO JOSHUA',505,2,'INSCRITO','M',260,22,27,74.00,'2022-06-28 08:57:53','2022-06-28 08:57:53'),('INGENIERÍA EN SISTEMAS COMPUTACIONALES','21280615','VAZQUEZ GALEANA RICARDO GABRIEL',505,2,'INSCRITO','M',260,22,27,72.67,'2022-06-28 08:57:53','2022-06-28 08:57:53'),('INGENIERÍA EN SISTEMAS COMPUTACIONALES','21280616','VILCHIS PIÑA EMMANUEL ALEJANDRO',505,2,'INSCRITO','M',260,22,27,75.50,'2022-06-28 08:57:53','2022-06-28 08:57:53'),('INGENIERÍA EN SISTEMAS COMPUTACIONALES','21280617','VILLANUEVA ALCANTARA DIEGO',505,2,'INSCRITO','M',260,22,27,71.83,'2022-06-28 08:57:53','2022-06-28 08:57:53'),('INGENIERÍA EN SISTEMAS COMPUTACIONALES','21280618','VILLAVICENCIO NUÑEZ JORGE ULISES',505,2,'INSCRITO','M',260,22,27,70.33,'2022-06-28 08:57:53','2022-06-28 08:57:53'),('INGENIERÍA EN SISTEMAS COMPUTACIONALES','21280619','ZETINA CELAYA CARLOS FERNANDO',505,2,'INSCRITO','M',260,27,27,81.67,'2022-06-28 08:57:53','2022-06-28 08:57:53'),('INGENIERÍA EN SISTEMAS COMPUTACIONALES','21280620','PLATA GUERRERO GIOVANNI ANTONIO',505,2,'INSCRITO','M',260,4,27,15.17,'2022-06-28 08:57:53','2022-06-28 08:57:53'),('INGENIERÍA EN SISTEMAS COMPUTACIONALES','21280621','LÓPEZ ALCÁNTARA DONOVANN HAZIEL',505,2,'INSCRITO','M',260,17,27,59.17,'2022-06-28 08:57:53','2022-06-28 08:57:53'),('INGENIERÍA EN SISTEMAS COMPUTACIONALES','21280622','PÉREZ HERNÁNDEZ MARIO',505,2,'INSCRITO','M',260,27,27,86.83,'2022-06-28 08:57:53','2022-06-28 08:57:53'),('INGENIERÍA EN SISTEMAS COMPUTACIONALES','21281152','CAMPOS SANCHEZ MARCO ANTONIO',505,2,'INSCRITO','M',260,17,27,57.50,'2022-06-28 08:57:53','2022-06-28 08:57:53'),('INGENIERÍA EN SISTEMAS COMPUTACIONALES','21281153','GARDUÑO RODRIGUEZ JAIR',505,2,'INSCRITO','M',260,12,27,43.17,'2022-06-28 08:57:53','2022-06-28 08:57:53'),('INGENIERÍA EN SISTEMAS COMPUTACIONALES','21281154','GARCIA CARRERA NATHALY',505,2,'INSCRITO','F',260,12,27,46.83,'2022-06-28 08:57:53','2022-06-28 08:57:53'),('INGENIERÍA EN SISTEMAS COMPUTACIONALES','21281155','GARCIA ROMERO MANUEL ELIAS',505,2,'INSCRITO','M',260,17,27,59.00,'2022-06-28 08:57:53','2022-06-28 08:57:53'),('INGENIERÍA EN SISTEMAS COMPUTACIONALES','21281156','SOLANO DE LA CRUZ CRISTIAN FERMÍN',505,2,'INSCRITO','M',260,17,27,57.00,'2022-06-28 08:57:53','2022-06-28 08:57:53'),('INGENIERÍA EN SISTEMAS COMPUTACIONALES','21281184','BAUTISTA MERAZ BEATRIZ',505,2,'INSCRITO','F',260,22,27,72.00,'2022-06-28 08:57:53','2022-06-28 08:57:53'),('INGENIERÍA EN SISTEMAS COMPUTACIONALES','21281186','CUARENTA GARCIA LUIS FERNANDO',505,2,'INSCRITO','M',260,17,27,57.67,'2022-06-28 08:57:53','2022-06-28 08:57:53'),('INGENIERÍA EN SISTEMAS COMPUTACIONALES','21281187','GONZALEZ RUIZ CHRISTOPHER JORDAN',505,2,'INSCRITO','M',260,12,27,44.17,'2022-06-28 08:57:53','2022-06-28 08:57:53'),('INGENIERÍA EN SISTEMAS COMPUTACIONALES','21281188','SANTOS MORENO RODRIGO ALBERTO',505,2,'INSCRITO','M',260,12,27,41.50,'2022-06-28 08:57:53','2022-06-28 08:57:53'),('INGENIERÍA EN SISTEMAS COMPUTACIONALES','21281189','VARGAS ALCÁNTARA LUIS ARTURO',505,2,'INSCRITO','M',260,8,27,29.00,'2022-06-28 08:57:53','2022-06-28 08:57:53'),('INGENIERÍA EN SISTEMAS COMPUTACIONALES','21281190','SUAREZ GONZALEZ FRANCISCO JAVIER',505,2,'INSCRITO','M',260,4,27,15.00,'2022-06-28 08:57:53','2022-06-28 08:57:53'),('INGENIERÍA EN SISTEMAS COMPUTACIONALES','21281191','CASTRO PEREZ EMMANUEL',505,2,'INSCRITO','M',260,22,27,72.33,'2022-06-28 08:57:53','2022-06-28 08:57:53'),('INGENIERÍA EN SISTEMAS COMPUTACIONALES','21281192','DE LA CRUZ GONZALEZ ALEJANDRO',505,2,'INSCRITO','M',260,17,27,59.50,'2022-06-28 08:57:53','2022-06-28 08:57:53'),('INGENIERÍA EN SISTEMAS COMPUTACIONALES','21281273','CRUZ GUTIÉRREZ JOSÉ EDUARDO',505,2,'INSCRITO','M',260,12,27,45.50,'2022-06-28 08:57:53','2022-06-28 08:57:53'),('INGENIERÍA EN SISTEMAS COMPUTACIONALES','21281274','CRUZ ALVAREZ YAEL DE JESUS',505,2,'INSCRITO','M',260,27,27,86.67,'2022-06-28 08:57:53','2022-06-28 08:57:53'),('INGENIERÍA EN SISTEMAS COMPUTACIONALES','21281275','MARTÍNEZ RENDÓN JOSÉ FRANCISCO',505,2,'INSCRITO','M',260,27,27,89.17,'2022-06-28 08:57:53','2022-06-28 08:57:53'),('INGENIERÍA EN SISTEMAS COMPUTACIONALES','21281276','NAVA LOPEZ ISRAEL',505,2,'INSCRITO','M',260,17,27,59.50,'2022-06-28 08:57:53','2022-06-28 08:57:53'),('INGENIERÍA EN SISTEMAS COMPUTACIONALES','21281277','SOTELO CERECERO KEVIN ADRIAN',505,2,'INSCRITO','M',260,22,27,71.17,'2022-06-28 08:57:53','2022-06-28 08:57:53'),('INGENIERÍA EN SISTEMAS COMPUTACIONALES','21281278','CASTRO MARTINEZ ZAID',505,2,'INSCRITO','M',260,27,27,90.00,'2022-06-28 08:57:53','2022-06-28 08:57:53'),('INGENIERÍA EN SISTEMAS COMPUTACIONALES','21281279','RAMÍREZ PÉREZ DANTE GAEL',505,2,'INSCRITO','M',260,27,27,88.33,'2022-06-28 08:57:53','2022-06-28 08:57:53'),('INGENIERÍA EN SISTEMAS COMPUTACIONALES','21281280','JUÁREZ AVILÉS ALBERTO',505,2,'INSCRITO','M',260,8,27,28.50,'2022-06-28 08:57:53','2022-06-28 08:57:53'),('INGENIERÍA EN SISTEMAS COMPUTACIONALES','21281281','GARCIA GONZÁLEZ JEFTE DONOVAN',505,2,'INSCRITO','M',260,12,27,42.83,'2022-06-28 08:57:53','2022-06-28 08:57:53'),('INGENIERÍA EN SISTEMAS COMPUTACIONALES','21281282','TELLO ALVARADO MARIA FERNANDA',505,2,'INSCRITO','F',260,12,27,46.83,'2022-06-28 08:57:53','2022-06-28 08:57:53'),('INGENIERÍA EN SISTEMAS COMPUTACIONALES','21281318','DIAZ GALO CARLOS ISAI',505,2,'INSCRITO','M',260,17,27,59.67,'2022-06-28 08:57:53','2022-06-28 08:57:53'),('INGENIERÍA EN SISTEMAS COMPUTACIONALES','B19091331','GARCIA TREJO ABIDAN SEIR',505,3,'INSCRITO','M',260,0,55,0.00,'2022-06-28 08:57:53','2022-06-28 08:57:53'),('INGENIERÍA EN SISTEMAS COMPUTACIONALES','B20280745','VARGAS RODRÍGUEZ JOSÉ MANUEL',505,4,'INSCRITO','M',260,69,84,76.71,'2022-06-28 08:57:53','2022-06-28 08:57:53'),('INGENIERÍA EN SISTEMAS COMPUTACIONALES','B22280261','BERNAL CALDERON DANIEL',505,9,'INSCRITO','M',260,0,225,0.00,'2022-06-28 08:57:53','2022-06-28 08:57:53'),('INGENIERÍA EN SISTEMAS COMPUTACIONALES','B22280279','ALONSO AGUILAR OSCAR GUADALUPE',505,9,'INSCRITO','M',260,0,225,0.00,'2022-06-28 08:57:53','2022-06-28 08:57:53'),('INGENIERÍA EN SISTEMAS COMPUTACIONALES','B22280281','ALVAREZ ENCISO VICTOR ANGEL',505,9,'INSCRITO','M',260,0,225,0.00,'2022-06-28 08:57:53','2022-06-28 08:57:53'),('INGENIERÍA EN SISTEMAS COMPUTACIONALES','B22280282','ARELLANO OCHOA FERNANDA GUADALUPE',505,8,'INSCRITO','F',260,0,198,0.00,'2022-06-28 08:57:53','2022-06-28 08:57:53'),('INGENIERÍA EN SISTEMAS COMPUTACIONALES','C18280367','MEJIA ARREOLA ARELY',505,7,'INSCRITO','F',260,132,165,82.31,'2022-06-28 08:57:53','2022-06-28 08:57:53'),('INGENIERÍA EN SISTEMAS COMPUTACIONALES','C18280501','GARCIA FONSECA EDGAR DAVID',505,6,'INSCRITO','M',260,68,137,66.65,'2022-06-28 08:57:53','2022-06-28 08:57:53'),('INGENIERÍA EN SISTEMAS COMPUTACIONALES','C18280581','LARA DE LA CRUZ AXEL RODRIGO',505,6,'INSCRITO','M',260,125,137,86.70,'2022-06-28 08:57:53','2022-06-28 08:57:53'),('INGENIERÍA EN SISTEMAS COMPUTACIONALES','C18280645','HERNANDEZ CASTREJON DANIEL ALBERTO',505,7,'INSCRITO','M',260,183,165,88.64,'2022-06-28 08:57:53','2022-06-28 08:57:53'),('INGENIERÍA EN SISTEMAS COMPUTACIONALES','C18280764','FLORES PEREZ DIEGO EDUARDO',505,2,'INSCRITO','M',260,0,27,0.00,'2022-06-28 08:57:53','2022-06-28 08:57:53'),('INGENIERÍA EN SISTEMAS COMPUTACIONALES','C18280838','OCAMPO CARMONA SEBASTIÁN',505,5,'INSCRITO','M',260,83,112,76.42,'2022-06-28 08:57:53','2022-06-28 08:57:53'),('INGENIERÍA EN SISTEMAS COMPUTACIONALES','C18280980','RAMIREZ GUERRERO FABIOLA',505,7,'INSCRITO','F',260,131,165,76.29,'2022-06-28 08:57:53','2022-06-28 08:57:53'),('INGENIERÍA EN SISTEMAS COMPUTACIONALES','C18281286','RENDON MONROY VICTOR MANUEL',505,10,'INSCRITO','M',260,183,240,73.67,'2022-06-28 08:57:53','2022-06-28 08:57:53'),('INGENIERÍA EN SISTEMAS COMPUTACIONALES','C19280026','MORENO VAZQUEZ JESUS GERARDO',505,7,'INSCRITO','M',260,97,165,77.86,'2022-06-28 08:57:53','2022-06-28 08:57:53'),('INGENIERÍA EN SISTEMAS COMPUTACIONALES','C19280081','RODRIGUEZ MENDOZA JOSE LUIS',505,4,'INSCRITO','M',260,70,84,80.50,'2022-06-28 08:57:53','2022-06-28 08:57:53'),('INGENIERÍA EN SISTEMAS COMPUTACIONALES','C19280106','BECERRIL RIVERA LUIS DANIEL',505,4,'INSCRITO','M',260,70,84,78.81,'2022-06-28 08:57:53','2022-06-28 08:57:53'),('INGENIERÍA EN SISTEMAS COMPUTACIONALES','C19280603','GONZALEZ HERNANDEZ GILDARDO',505,4,'INSCRITO','M',260,77,84,83.76,'2022-06-28 08:57:53','2022-06-28 08:57:53'),('INGENIERÍA EN SISTEMAS COMPUTACIONALES','C20280905','DÍAZ LEÓN DIEGO EDU',505,2,'INSCRITO','M',260,34,27,89.43,'2022-06-28 08:57:53','2022-06-28 08:57:53'),('INGENIERÍA EN SISTEMAS COMPUTACIONALES','C20281088','GARCÍA TAPIA LUIS GUILLERMO',505,4,'INSCRITO','M',260,60,84,77.93,'2022-06-28 08:57:53','2022-06-28 08:57:53'),('INGENIERÍA EN SISTEMAS COMPUTACIONALES','C21280205','LAREDO REYES ADRIAN',505,2,'INSCRITO','M',260,24,27,83.20,'2022-06-28 08:57:53','2022-06-28 08:57:53'),('INGENIERÍA EN SISTEMAS COMPUTACIONALES','C21281001','REYES ALVAREZ PABLO',505,2,'INSCRITO','M',260,17,27,90.00,'2022-06-28 08:57:53','2022-06-28 08:57:53'),('INGENIERÍA EN SISTEMAS COMPUTACIONALES','C21281206','ROBLES SANTIBAÑEZ KARLA JARED',505,2,'INSCRITO','F',260,13,27,96.67,'2022-06-28 08:57:53','2022-06-28 08:57:53');
/*!40000 ALTER TABLE `alumnos` ENABLE KEYS */;
UNLOCK TABLES;

--
-- Table structure for table `alumnos_materias_models`
--

DROP TABLE IF EXISTS `alumnos_materias_models`;
/*!40101 SET @saved_cs_client     = @@character_set_client */;
/*!50503 SET character_set_client = utf8mb4 */;
CREATE TABLE `alumnos_materias_models` (
  `id` bigint unsigned NOT NULL AUTO_INCREMENT,
  `alumnos_id` varchar(255) COLLATE utf8mb4_unicode_ci NOT NULL,
  `materias_id` bigint unsigned NOT NULL,
  `created_at` timestamp NULL DEFAULT NULL,
  `updated_at` timestamp NULL DEFAULT NULL,
  PRIMARY KEY (`id`)
) ENGINE=InnoDB AUTO_INCREMENT=390 DEFAULT CHARSET=utf8mb4 COLLATE=utf8mb4_unicode_ci;
/*!40101 SET character_set_client = @saved_cs_client */;

--
-- Dumping data for table `alumnos_materias_models`
--

LOCK TABLES `alumnos_materias_models` WRITE;
/*!40000 ALTER TABLE `alumnos_materias_models` DISABLE KEYS */;
INSERT INTO `alumnos_materias_models` VALUES (27,'21280539',1532,NULL,NULL),(28,'21280539',1577,NULL,NULL),(29,'21280539',1535,NULL,NULL),(30,'21280539',1533,NULL,NULL),(31,'19530339',1535,NULL,NULL),(32,'19530339',1533,NULL,NULL),(33,'19530339',1577,NULL,NULL),(34,'19530339',1600,NULL,NULL),(35,'20280774',1533,NULL,NULL),(36,'20280774',1534,NULL,NULL),(37,'20280774',1531,NULL,NULL),(40,'20280774',1597,NULL,NULL),(41,'20280774',1837,NULL,NULL),(42,'20280774',1598,NULL,NULL),(43,'20280774',1840,NULL,NULL),(45,'20280774',1836,NULL,NULL),(48,'20280216',1533,NULL,NULL),(49,'20280216',1534,NULL,NULL),(50,'20280216',1531,NULL,NULL),(51,'20280216',1577,NULL,NULL),(52,'20280216',1535,NULL,NULL),(53,'20280216',1600,NULL,NULL),(54,'20280216',1597,NULL,NULL),(55,'20280216',1837,NULL,NULL),(56,'20280216',1598,NULL,NULL),(57,'20280216',1840,NULL,NULL),(58,'20280216',1599,NULL,NULL),(59,'20280216',1536,NULL,NULL),(60,'20280216',1018,NULL,NULL),(61,'20280216',1851,NULL,NULL),(62,'C182080581',1533,NULL,NULL),(63,'C182080581',1534,NULL,NULL),(64,'C182080581',1531,NULL,NULL),(65,'C182080581',1577,NULL,NULL),(66,'C182080581',1535,NULL,NULL),(67,'C182080581',1596,NULL,NULL),(68,'C182080581',1600,NULL,NULL),(69,'C182080581',1597,NULL,NULL),(70,'C182080581',1837,NULL,NULL),(71,'C182080581',1598,NULL,NULL),(72,'C182080581',1840,NULL,NULL),(73,'21280539',1534,NULL,NULL),(78,'19530339',1534,NULL,NULL),(79,'19530339',1535,NULL,NULL),(80,'19530339',1533,NULL,NULL),(81,'19530339',1577,NULL,NULL),(82,'19530339',1600,NULL,NULL),(83,'20280774',1532,NULL,NULL),(87,'20280774',1577,NULL,NULL),(88,'20280774',1535,NULL,NULL),(93,'20280774',1600,NULL,NULL),(95,'20280774',1018,NULL,NULL),(96,'20280774',1536,NULL,NULL),(97,'20280216',1532,NULL,NULL),(98,'20280216',1533,NULL,NULL),(99,'20280216',1534,NULL,NULL),(100,'20280216',1531,NULL,NULL),(101,'20280216',1577,NULL,NULL),(102,'20280216',1535,NULL,NULL),(103,'20280216',1600,NULL,NULL),(104,'20280216',1597,NULL,NULL),(105,'20280216',1837,NULL,NULL),(106,'20280216',1598,NULL,NULL),(107,'20280216',1840,NULL,NULL),(108,'20280216',1599,NULL,NULL),(109,'20280216',1536,NULL,NULL),(110,'20280216',1018,NULL,NULL),(111,'20280216',1851,NULL,NULL),(112,'C182080581',1532,NULL,NULL),(113,'C182080581',1533,NULL,NULL),(114,'C182080581',1534,NULL,NULL),(115,'C182080581',1531,NULL,NULL),(116,'C182080581',1577,NULL,NULL),(117,'C182080581',1535,NULL,NULL),(118,'C182080581',1596,NULL,NULL),(119,'C182080581',1600,NULL,NULL),(120,'C182080581',1597,NULL,NULL),(121,'C182080581',1837,NULL,NULL),(122,'C182080581',1598,NULL,NULL),(123,'C182080581',1840,NULL,NULL),(124,'C182080581',1835,NULL,NULL),(125,'C182080581',1052,NULL,NULL),(126,'C182080581',1836,NULL,NULL),(127,'C182080581',1599,NULL,NULL),(128,'C182080581',1536,NULL,NULL),(129,'C182080581',1018,NULL,NULL),(130,'C182080581',1838,NULL,NULL),(131,'C182080581',1843,NULL,NULL),(132,'C182080581',1863,NULL,NULL),(133,'C182080581',1844,NULL,NULL),(134,'C182080581',1851,NULL,NULL),(135,'C182080581',1847,NULL,NULL),(136,'C182080581',1839,NULL,NULL),(137,'C182080581',1848,NULL,NULL),(138,'C182080581',1845,NULL,NULL),(139,'C18280980',1532,NULL,NULL),(140,'C18280980',1533,NULL,NULL),(141,'C18280980',1534,NULL,NULL),(142,'C18280980',1531,NULL,NULL),(143,'C18280980',1577,NULL,NULL),(144,'C18280980',1535,NULL,NULL),(145,'C18280980',1596,NULL,NULL),(146,'C18280980',1600,NULL,NULL),(147,'C18280980',1597,NULL,NULL),(148,'C18280980',1837,NULL,NULL),(149,'C18280980',1598,NULL,NULL),(150,'C18280980',1840,NULL,NULL),(151,'C18280980',1835,NULL,NULL),(152,'C18280980',1052,NULL,NULL),(153,'C18280980',1836,NULL,NULL),(154,'C18280980',1599,NULL,NULL),(155,'C18280980',1536,NULL,NULL),(156,'C18280980',1018,NULL,NULL),(157,'C18280980',1841,NULL,NULL),(158,'C18280980',1838,NULL,NULL),(159,'C18280980',1843,NULL,NULL),(160,'C18280980',1863,NULL,NULL),(161,'C18280980',1842,NULL,NULL),(162,'C18280980',1847,NULL,NULL),(163,'C18280980',1839,NULL,NULL),(164,'18280826',1532,NULL,NULL),(165,'18280826',1533,NULL,NULL),(166,'18280826',1534,NULL,NULL),(167,'18280826',1531,NULL,NULL),(168,'18280826',1577,NULL,NULL),(169,'18280826',1535,NULL,NULL),(170,'18280826',1596,NULL,NULL),(171,'18280826',1600,NULL,NULL),(172,'18280826',1597,NULL,NULL),(173,'18280826',1837,NULL,NULL),(174,'18280826',1598,NULL,NULL),(175,'18280826',1840,NULL,NULL),(176,'18280826',1835,NULL,NULL),(177,'18280826',1052,NULL,NULL),(178,'18280826',1836,NULL,NULL),(179,'18280826',1599,NULL,NULL),(180,'18280826',1536,NULL,NULL),(181,'18280826',1018,NULL,NULL),(182,'18280826',1841,NULL,NULL),(183,'18280826',1838,NULL,NULL),(184,'18280826',1843,NULL,NULL),(185,'18280826',1863,NULL,NULL),(186,'18280826',1844,NULL,NULL),(187,'18280826',1851,NULL,NULL),(188,'18280826',1842,NULL,NULL),(189,'18280826',1849,NULL,NULL),(190,'18280826',1847,NULL,NULL),(191,'18280826',1853,NULL,NULL),(192,'18280826',1852,NULL,NULL),(193,'18280826',1857,NULL,NULL),(194,'18280826',1860,NULL,NULL),(195,'18280136',1532,NULL,NULL),(196,'18280136',1533,NULL,NULL),(197,'18280136',1534,NULL,NULL),(198,'18280136',1531,NULL,NULL),(199,'18280136',1577,NULL,NULL),(200,'18280136',1535,NULL,NULL),(201,'18280136',1596,NULL,NULL),(202,'18280136',1600,NULL,NULL),(203,'18280136',1597,NULL,NULL),(204,'18280136',1837,NULL,NULL),(205,'18280136',1598,NULL,NULL),(206,'18280136',1840,NULL,NULL),(207,'18280136',1835,NULL,NULL),(208,'18280136',1052,NULL,NULL),(209,'18280136',1836,NULL,NULL),(210,'18280136',1599,NULL,NULL),(211,'18280136',1536,NULL,NULL),(212,'18280136',1018,NULL,NULL),(213,'18280136',1841,NULL,NULL),(214,'18280136',1838,NULL,NULL),(215,'18280136',1843,NULL,NULL),(216,'18280136',1863,NULL,NULL),(217,'18280136',1844,NULL,NULL),(218,'18280136',1851,NULL,NULL),(219,'18280136',1842,NULL,NULL),(220,'18280136',1849,NULL,NULL),(221,'18280136',1847,NULL,NULL),(222,'18280136',1839,NULL,NULL),(223,'18280136',1848,NULL,NULL),(224,'18280136',1845,NULL,NULL),(225,'18280136',1852,NULL,NULL),(226,'18280136',1867,NULL,NULL),(227,'18280136',1853,NULL,NULL),(228,'18280136',1856,NULL,NULL),(229,'18280136',1854,NULL,NULL),(230,'18280136',1857,NULL,NULL),(231,'18280136',1858,NULL,NULL),(232,'18280136',1860,NULL,NULL),(233,'18280136',1859,NULL,NULL),(234,'18280136',1850,NULL,NULL),(235,'18280136',1862,NULL,NULL),(236,'18280136',1866,NULL,NULL),(237,'18280136',2308,NULL,NULL),(238,'18280136',2310,NULL,NULL),(239,'18280136',1855,NULL,NULL),(240,'19281229',1532,NULL,NULL),(241,'19281229',1533,NULL,NULL),(242,'19281229',1534,NULL,NULL),(243,'19281229',1531,NULL,NULL),(244,'19281229',1577,NULL,NULL),(245,'19281229',1535,NULL,NULL),(246,'19281229',1596,NULL,NULL),(247,'19281229',1600,NULL,NULL),(248,'19281229',1597,NULL,NULL),(249,'19281229',1837,NULL,NULL),(250,'19281229',1598,NULL,NULL),(251,'19281229',1840,NULL,NULL),(252,'19281229',1835,NULL,NULL),(253,'19281229',1052,NULL,NULL),(254,'19281229',1836,NULL,NULL),(255,'19281229',1599,NULL,NULL),(256,'19281229',1536,NULL,NULL),(257,'19281229',1018,NULL,NULL),(258,'19281229',1841,NULL,NULL),(259,'19281229',1838,NULL,NULL),(260,'19281229',1843,NULL,NULL),(261,'19281229',1863,NULL,NULL),(262,'19281229',1844,NULL,NULL),(263,'19281229',1851,NULL,NULL),(264,'19281229',1842,NULL,NULL),(265,'19281229',1849,NULL,NULL),(266,'19281229',1847,NULL,NULL),(267,'19281229',1839,NULL,NULL),(268,'19281229',1848,NULL,NULL),(269,'19281229',1845,NULL,NULL),(270,'19281229',1852,NULL,NULL),(271,'19281229',1867,NULL,NULL),(272,'19281229',1853,NULL,NULL),(273,'19281229',1856,NULL,NULL),(274,'19281229',1854,NULL,NULL),(275,'19281229',1857,NULL,NULL),(276,'19281229',1858,NULL,NULL),(277,'19281229',1860,NULL,NULL),(278,'19281229',1859,NULL,NULL),(279,'19281229',1850,NULL,NULL),(280,'19281229',1866,NULL,NULL),(281,'19281229',1865,NULL,NULL),(282,'19281229',1864,NULL,NULL),(283,'19281229',2308,NULL,NULL),(284,'17280048',1532,NULL,NULL),(285,'17280048',1533,NULL,NULL),(286,'17280048',1534,NULL,NULL),(287,'17280048',1531,NULL,NULL),(288,'17280048',1577,NULL,NULL),(289,'17280048',1535,NULL,NULL),(290,'17280048',1596,NULL,NULL),(291,'17280048',1600,NULL,NULL),(292,'17280048',1597,NULL,NULL),(293,'17280048',1837,NULL,NULL),(294,'17280048',1598,NULL,NULL),(295,'17280048',1840,NULL,NULL),(296,'17280048',1835,NULL,NULL),(297,'17280048',1052,NULL,NULL),(298,'17280048',1836,NULL,NULL),(299,'17280048',1599,NULL,NULL),(300,'17280048',1536,NULL,NULL),(301,'17280048',1018,NULL,NULL),(302,'17280048',1841,NULL,NULL),(303,'17280048',1838,NULL,NULL),(304,'17280048',1843,NULL,NULL),(305,'17280048',1863,NULL,NULL),(306,'17280048',1844,NULL,NULL),(307,'17280048',1851,NULL,NULL),(308,'17280048',1842,NULL,NULL),(309,'17280048',1849,NULL,NULL),(310,'17280048',1847,NULL,NULL),(311,'17280048',1839,NULL,NULL),(312,'17280048',1848,NULL,NULL),(313,'17280048',1845,NULL,NULL),(314,'17280048',1852,NULL,NULL),(315,'17280048',1867,NULL,NULL),(316,'17280048',1853,NULL,NULL),(317,'17280048',1856,NULL,NULL),(318,'17280048',1854,NULL,NULL),(319,'17280048',1858,NULL,NULL),(320,'17280048',1860,NULL,NULL),(321,'17280048',1861,NULL,NULL),(322,'17280048',1850,NULL,NULL),(323,'17280048',1859,NULL,NULL),(324,'17280048',1866,NULL,NULL),(325,'17280048',1864,NULL,NULL),(326,'17280048',2310,NULL,NULL),(327,'17280048',2308,NULL,NULL),(328,'17280048',2309,NULL,NULL),(329,'17280048',2311,NULL,NULL),(330,'160683',1532,NULL,NULL),(331,'160683',1533,NULL,NULL),(332,'160683',1534,NULL,NULL),(333,'160683',1531,NULL,NULL),(334,'160683',1577,NULL,NULL),(335,'160683',1535,NULL,NULL),(336,'160683',1596,NULL,NULL),(337,'160683',1600,NULL,NULL),(338,'160683',1597,NULL,NULL),(339,'160683',1837,NULL,NULL),(340,'160683',1598,NULL,NULL),(341,'160683',1840,NULL,NULL),(342,'160683',1835,NULL,NULL),(343,'160683',1052,NULL,NULL),(344,'160683',1836,NULL,NULL),(345,'160683',1599,NULL,NULL),(346,'160683',1536,NULL,NULL),(347,'160683',1018,NULL,NULL),(348,'160683',1841,NULL,NULL),(349,'160683',1838,NULL,NULL),(350,'160683',1843,NULL,NULL),(351,'160683',1863,NULL,NULL),(352,'160683',1844,NULL,NULL),(353,'160683',1851,NULL,NULL),(354,'160683',1842,NULL,NULL),(355,'160683',1849,NULL,NULL),(356,'160683',1847,NULL,NULL),(357,'160683',1839,NULL,NULL),(358,'160683',1848,NULL,NULL),(359,'160683',1845,NULL,NULL),(360,'160683',1852,NULL,NULL),(361,'160683',1867,NULL,NULL),(362,'160683',1853,NULL,NULL),(363,'160683',1856,NULL,NULL),(364,'160683',1854,NULL,NULL),(365,'160683',1857,NULL,NULL),(366,'160683',1858,NULL,NULL),(367,'160683',1860,NULL,NULL),(368,'160683',1859,NULL,NULL),(369,'160683',1861,NULL,NULL),(370,'160683',1850,NULL,NULL),(371,'160683',1862,NULL,NULL),(372,'160683',1866,NULL,NULL),(373,'160683',2308,NULL,NULL),(374,'160683',1855,NULL,NULL),(375,'160683',2309,NULL,NULL),(376,'B19091331',1531,NULL,NULL),(377,'B19091331',1534,NULL,NULL),(378,'B19091331',1533,NULL,NULL),(379,'B19091331',1577,NULL,NULL),(380,'B19091331',1600,NULL,NULL),(381,'B19091331',1532,NULL,NULL),(382,'B19091331',1837,NULL,NULL),(383,'B19091331',1840,NULL,NULL),(384,'15280849',1531,NULL,NULL),(385,'15280849',1532,NULL,NULL),(386,'15280849',1596,NULL,NULL),(387,'15280849',1597,NULL,NULL),(388,'15280849',1600,NULL,NULL),(389,'15280849',1837,NULL,NULL);
/*!40000 ALTER TABLE `alumnos_materias_models` ENABLE KEYS */;
UNLOCK TABLES;

--
-- Table structure for table `failed_jobs`
--

DROP TABLE IF EXISTS `failed_jobs`;
/*!40101 SET @saved_cs_client     = @@character_set_client */;
/*!50503 SET character_set_client = utf8mb4 */;
CREATE TABLE `failed_jobs` (
  `id` bigint unsigned NOT NULL AUTO_INCREMENT,
  `uuid` varchar(255) COLLATE utf8mb4_unicode_ci NOT NULL,
  `connection` text COLLATE utf8mb4_unicode_ci NOT NULL,
  `queue` text COLLATE utf8mb4_unicode_ci NOT NULL,
  `payload` longtext COLLATE utf8mb4_unicode_ci NOT NULL,
  `exception` longtext COLLATE utf8mb4_unicode_ci NOT NULL,
  `failed_at` timestamp NOT NULL DEFAULT CURRENT_TIMESTAMP,
  PRIMARY KEY (`id`),
  UNIQUE KEY `failed_jobs_uuid_unique` (`uuid`)
) ENGINE=InnoDB DEFAULT CHARSET=utf8mb4 COLLATE=utf8mb4_unicode_ci;
/*!40101 SET character_set_client = @saved_cs_client */;

--
-- Dumping data for table `failed_jobs`
--

LOCK TABLES `failed_jobs` WRITE;
/*!40000 ALTER TABLE `failed_jobs` DISABLE KEYS */;
/*!40000 ALTER TABLE `failed_jobs` ENABLE KEYS */;
UNLOCK TABLES;

--
-- Table structure for table `materias`
--

DROP TABLE IF EXISTS `materias`;
/*!40101 SET @saved_cs_client     = @@character_set_client */;
/*!50503 SET character_set_client = utf8mb4 */;
CREATE TABLE `materias` (
  `materia` bigint unsigned NOT NULL,
  `nombre` varchar(255) COLLATE utf8mb4_unicode_ci NOT NULL,
  `creditos` smallint unsigned NOT NULL,
  `carrera` varchar(255) COLLATE utf8mb4_unicode_ci NOT NULL,
  `semestre` smallint unsigned NOT NULL,
  `created_at` timestamp NULL DEFAULT NULL,
  `updated_at` timestamp NULL DEFAULT NULL,
  PRIMARY KEY (`materia`)
) ENGINE=InnoDB DEFAULT CHARSET=utf8mb4 COLLATE=utf8mb4_unicode_ci;
/*!40101 SET character_set_client = @saved_cs_client */;

--
-- Dumping data for table `materias`
--

LOCK TABLES `materias` WRITE;
/*!40000 ALTER TABLE `materias` DISABLE KEYS */;
INSERT INTO `materias` VALUES (1018,'Principios Electricos y Aplicaciones Digitales',5,'Ingenieria en sistemas',3,NULL,NULL),(1052,'Probabilidad y estadistica',5,'Ingenieria en sistemas',3,NULL,NULL),(1531,'Calculo Diferencial',5,'Ingenieria en sistemas',1,NULL,NULL),(1532,'Fundamentos de programacion',5,'Ingenieria en sistemas',1,NULL,NULL),(1533,'Taller de etica',4,'Ingenieria en sistemas',1,NULL,NULL),(1534,'Matematicas discretas',5,'Ingenieria en sistemas',1,NULL,NULL),(1535,'Taller de administracion',4,'Ingenieria en sistemas',1,NULL,NULL),(1536,'Fundamentos de Investigacion',4,'Ingenieria en sistemas',3,NULL,NULL),(1577,'Quimica',4,'Ingenieria en sistemas',1,NULL,NULL),(1596,'Calculo Integral',5,'Ingenieria en sistemas',2,NULL,NULL),(1597,'Programacion Orientada a objetos',5,'Ingenieria en sistemas',2,NULL,NULL),(1598,'Contabilidad Financiera',4,'Ingenieria en sistemas',2,NULL,NULL),(1599,'Desarrollo Sustentable',5,'Ingenieria en sistemas',3,NULL,NULL),(1600,'Algebra lineal',5,'Ingenieria en sistemas',2,NULL,NULL),(1835,'Calculo Vectorial',5,'Ingenieria en sistemas',3,NULL,NULL),(1836,'Estructura de Datos',5,'Ingenieria en sistemas',3,NULL,NULL),(1837,'Cultura Empresarial',4,'Ingenieria en sistemas',2,NULL,NULL),(1838,'Investigacion de Operaciones',4,'Ingenieria en sistemas',4,NULL,NULL),(1839,'Fundamentos de Ingenieria de Software',4,'Ingenieria en sistemas',5,NULL,NULL),(1840,'Fisica General',5,'Ingenieria en sistemas',2,NULL,NULL),(1841,'Ecuaciones Diferenciales',5,'Ingenieria en sistemas',4,NULL,NULL),(1842,'Metodos Numericos',4,'Ingenieria en sistemas',5,NULL,NULL),(1843,'Topicos Avanzados de Programacion',5,'Ingenieria en sistemas',4,NULL,NULL),(1844,'Fundamentos de Base de Datos',5,'Ingenieria en sistemas',4,NULL,NULL),(1845,'Graficacion',4,'Ingenieria en sistemas',5,NULL,NULL),(1847,'Fundamentos de Telecomunicaciones',4,'Ingenieria en sistemas',5,NULL,NULL),(1848,'Taller de Base de Datos',4,'Ingenieria en sistemas',5,NULL,NULL),(1849,'Simulacion',5,'Ingenieria en sistemas',5,NULL,NULL),(1850,'Sistemas Operativos',4,'Ingenieria en sistemas',7,NULL,NULL),(1851,'Arquitectura de Computadoras',5,'Ingenieria en sistemas',4,NULL,NULL),(1852,'Lenguajes y Automatas I',5,'Ingenieria en sistemas',6,NULL,NULL),(1853,'Redes de Computadora',5,'Ingenieria en sistemas',6,NULL,NULL),(1854,'Administracion de Base de Datos',5,'Ingenieria en sistemas',6,NULL,NULL),(1855,'Taller de Sistemas Operativos',4,'Ingenieria en sistemas',8,NULL,NULL),(1856,'Ingenieria de Software',5,'Ingenieria en sistemas',6,NULL,NULL),(1857,'Lenguajes de interfaz',4,'Ingenieria en sistemas',6,NULL,NULL),(1858,'Lenguajes y Automatas II',5,'Ingenieria en sistemas',7,NULL,NULL),(1859,'Conmutacion y Enrutamiento en Redes de Datos',5,'Ingenieria en sistemas',7,NULL,NULL),(1860,'Taller de Investigacion I',4,'Ingenieria en sistemas',7,NULL,NULL),(1861,'Gestion de Proyectos de Software',6,'Ingenieria en sistemas',7,NULL,NULL),(1862,'Sistemas Programables',4,'Ingenieria en sistemas',7,NULL,NULL),(1863,'Programacion Logica y Funcional',4,'Ingenieria en sistemas',4,NULL,NULL),(1864,'Administracion de Redes',4,'Ingenieria en sistemas',8,NULL,NULL),(1865,'Taller de Investigacion II',4,'Ingenieria en sistemas',8,NULL,NULL),(1866,'Programacion Web',5,'Ingenieria en sistemas',8,NULL,NULL),(1867,'Inteligencia Artificial',4,'Ingenieria en sistemas',6,NULL,NULL),(2234,'Actividades de Actualizacion y Desarrollo ',4,'Ingenieria en sistemas',1,NULL,NULL),(2307,'Desarrollo de Apliaciones Ecommerce',5,'Ingenieria en sistemas',9,NULL,NULL),(2308,'Desarrollo de Apliaciones para Dispositivos Moviles',5,'Ingenieria en sistemas',8,NULL,NULL),(2309,'Desarrollo de Apliaciones Web',5,'Ingenieria en sistemas',9,NULL,NULL),(2310,'Herramientas de Desarollo de Software',5,'Ingenieria en sistemas',8,NULL,NULL),(2311,'Programacion Avanzada para el Desarrollo de Apliaciones para Dispositivos Moviles',5,'Ingenieria en sistemas',9,NULL,NULL);
/*!40000 ALTER TABLE `materias` ENABLE KEYS */;
UNLOCK TABLES;

--
-- Table structure for table `migrations`
--

DROP TABLE IF EXISTS `migrations`;
/*!40101 SET @saved_cs_client     = @@character_set_client */;
/*!50503 SET character_set_client = utf8mb4 */;
CREATE TABLE `migrations` (
  `id` int unsigned NOT NULL AUTO_INCREMENT,
  `migration` varchar(255) COLLATE utf8mb4_unicode_ci NOT NULL,
  `batch` int NOT NULL,
  PRIMARY KEY (`id`)
) ENGINE=InnoDB AUTO_INCREMENT=121 DEFAULT CHARSET=utf8mb4 COLLATE=utf8mb4_unicode_ci;
/*!40101 SET character_set_client = @saved_cs_client */;

--
-- Dumping data for table `migrations`
--

LOCK TABLES `migrations` WRITE;
/*!40000 ALTER TABLE `migrations` DISABLE KEYS */;
INSERT INTO `migrations` VALUES (1,'2014_10_12_000000_create_users_table',1),(2,'2014_10_12_100000_create_password_resets_table',1),(3,'2019_08_19_000000_create_failed_jobs_table',1),(4,'2019_12_14_000001_create_personal_access_tokens_table',1),(5,'2022_05_18_190018_create_alumnos_table',1),(6,'2022_06_01_195516_create_materias_table',1),(7,'2022_06_23_031037_create_alumnos_materias_models_table',1),(8,'2022_07_12_002402_create_seriadas_table',1),(113,'2014_10_12_000000_create_users_table',1),(114,'2014_10_12_100000_create_password_resets_table',1),(115,'2019_08_19_000000_create_failed_jobs_table',1),(116,'2019_12_14_000001_create_personal_access_tokens_table',1),(117,'2022_05_18_190018_create_alumnos_table',1),(118,'2022_06_01_195516_create_materias_table',1),(119,'2022_06_23_031037_create_alumnos_materias_models_table',1),(120,'2022_07_12_002402_create_seriadas_table',2);
/*!40000 ALTER TABLE `migrations` ENABLE KEYS */;
UNLOCK TABLES;

--
-- Table structure for table `password_resets`
--

DROP TABLE IF EXISTS `password_resets`;
/*!40101 SET @saved_cs_client     = @@character_set_client */;
/*!50503 SET character_set_client = utf8mb4 */;
CREATE TABLE `password_resets` (
  `email` varchar(255) COLLATE utf8mb4_unicode_ci NOT NULL,
  `token` varchar(255) COLLATE utf8mb4_unicode_ci NOT NULL,
  `created_at` timestamp NULL DEFAULT NULL,
  KEY `password_resets_email_index` (`email`)
) ENGINE=InnoDB DEFAULT CHARSET=utf8mb4 COLLATE=utf8mb4_unicode_ci;
/*!40101 SET character_set_client = @saved_cs_client */;

--
-- Dumping data for table `password_resets`
--

LOCK TABLES `password_resets` WRITE;
/*!40000 ALTER TABLE `password_resets` DISABLE KEYS */;
/*!40000 ALTER TABLE `password_resets` ENABLE KEYS */;
UNLOCK TABLES;

--
-- Table structure for table `personal_access_tokens`
--

DROP TABLE IF EXISTS `personal_access_tokens`;
/*!40101 SET @saved_cs_client     = @@character_set_client */;
/*!50503 SET character_set_client = utf8mb4 */;
CREATE TABLE `personal_access_tokens` (
  `id` bigint unsigned NOT NULL AUTO_INCREMENT,
  `tokenable_type` varchar(255) COLLATE utf8mb4_unicode_ci NOT NULL,
  `tokenable_id` bigint unsigned NOT NULL,
  `name` varchar(255) COLLATE utf8mb4_unicode_ci NOT NULL,
  `token` varchar(64) COLLATE utf8mb4_unicode_ci NOT NULL,
  `abilities` text COLLATE utf8mb4_unicode_ci,
  `last_used_at` timestamp NULL DEFAULT NULL,
  `created_at` timestamp NULL DEFAULT NULL,
  `updated_at` timestamp NULL DEFAULT NULL,
  PRIMARY KEY (`id`),
  UNIQUE KEY `personal_access_tokens_token_unique` (`token`),
  KEY `personal_access_tokens_tokenable_type_tokenable_id_index` (`tokenable_type`,`tokenable_id`)
) ENGINE=InnoDB DEFAULT CHARSET=utf8mb4 COLLATE=utf8mb4_unicode_ci;
/*!40101 SET character_set_client = @saved_cs_client */;

--
-- Dumping data for table `personal_access_tokens`
--

LOCK TABLES `personal_access_tokens` WRITE;
/*!40000 ALTER TABLE `personal_access_tokens` DISABLE KEYS */;
/*!40000 ALTER TABLE `personal_access_tokens` ENABLE KEYS */;
UNLOCK TABLES;

--
-- Table structure for table `seriadas`
--

DROP TABLE IF EXISTS `seriadas`;
/*!40101 SET @saved_cs_client     = @@character_set_client */;
/*!50503 SET character_set_client = utf8mb4 */;
CREATE TABLE `seriadas` (
  `id` bigint unsigned NOT NULL AUTO_INCREMENT,
  `anterior_id` bigint unsigned NOT NULL,
  `siguiente_id` bigint unsigned NOT NULL,
  `created_at` timestamp NULL DEFAULT NULL,
  `updated_at` timestamp NULL DEFAULT NULL,
  PRIMARY KEY (`id`)
) ENGINE=InnoDB AUTO_INCREMENT=32 DEFAULT CHARSET=utf8mb4 COLLATE=utf8mb4_unicode_ci;
/*!40101 SET character_set_client = @saved_cs_client */;

--
-- Dumping data for table `seriadas`
--

LOCK TABLES `seriadas` WRITE;
/*!40000 ALTER TABLE `seriadas` DISABLE KEYS */;
INSERT INTO `seriadas` VALUES (1,1531,1596,'2022-07-13 09:41:01','2022-07-13 09:41:01'),(2,1533,1837,'2022-07-13 09:41:01','2022-07-13 09:41:01'),(3,1535,1837,'2022-07-13 09:41:01','2022-07-13 09:41:01'),(4,1532,1597,'2022-07-13 09:41:01','2022-07-13 09:41:01'),(5,1596,1835,'2022-07-13 09:41:01','2022-07-13 09:41:01'),(6,1596,1052,'2022-07-13 09:41:01','2022-07-13 09:41:01'),(7,1600,1838,'2022-07-13 09:41:01','2022-07-13 09:41:01'),(8,1597,1836,'2022-07-13 09:41:01','2022-07-13 09:41:01'),(9,1835,1841,'2022-07-13 09:41:01','2022-07-13 09:41:01'),(10,1052,1838,'2022-07-13 09:41:01','2022-07-13 09:41:01'),(11,1836,1843,'2022-07-13 09:41:02','2022-07-13 09:41:02'),(12,1836,1863,'2022-07-13 09:41:02','2022-07-13 09:41:02'),(13,1018,1851,'2022-07-13 09:41:02','2022-07-13 09:41:02'),(14,1841,1842,'2022-07-13 09:41:02','2022-07-13 09:41:02'),(15,1838,1849,'2022-07-13 09:41:02','2022-07-13 09:41:02'),(16,1863,1867,'2022-07-13 09:41:03','2022-07-13 09:41:03'),(17,1844,1848,'2022-07-13 09:41:03','2022-07-13 09:41:03'),(18,1851,1857,'2022-07-13 09:41:03','2022-07-13 09:41:03'),(19,1847,1853,'2022-07-13 09:41:03','2022-07-13 09:41:03'),(20,1839,1856,'2022-07-13 09:41:03','2022-07-13 09:41:03'),(21,1848,1854,'2022-07-13 09:41:03','2022-07-13 09:41:03'),(22,1852,1858,'2022-07-13 09:41:03','2022-07-13 09:41:03'),(23,1853,1859,'2022-07-13 09:41:03','2022-07-13 09:41:03'),(24,1856,1861,'2022-07-13 09:41:03','2022-07-13 09:41:03'),(25,1857,1862,'2022-07-13 09:41:04','2022-07-13 09:41:04'),(26,1860,1865,'2022-07-13 09:41:04','2022-07-13 09:41:04'),(27,1859,1864,'2022-07-13 09:41:04','2022-07-13 09:41:04'),(28,1850,1855,'2022-07-13 09:41:04','2022-07-13 09:41:04'),(29,1866,2309,'2022-07-13 09:41:04','2022-07-13 09:41:04'),(30,1866,2307,'2022-07-13 09:41:04','2022-07-13 09:41:04'),(31,2308,2311,'2022-07-13 09:41:04','2022-07-13 09:41:04');
/*!40000 ALTER TABLE `seriadas` ENABLE KEYS */;
UNLOCK TABLES;

--
-- Table structure for table `users`
--

DROP TABLE IF EXISTS `users`;
/*!40101 SET @saved_cs_client     = @@character_set_client */;
/*!50503 SET character_set_client = utf8mb4 */;
CREATE TABLE `users` (
  `id` bigint unsigned NOT NULL AUTO_INCREMENT,
  `name` varchar(255) COLLATE utf8mb4_unicode_ci NOT NULL,
  `carrera` int unsigned NOT NULL,
  `email` varchar(255) COLLATE utf8mb4_unicode_ci NOT NULL,
  `email_verified_at` timestamp NULL DEFAULT NULL,
  `password` varchar(255) COLLATE utf8mb4_unicode_ci NOT NULL,
  `remember_token` varchar(100) COLLATE utf8mb4_unicode_ci DEFAULT NULL,
  `created_at` timestamp NULL DEFAULT NULL,
  `updated_at` timestamp NULL DEFAULT NULL,
  PRIMARY KEY (`id`),
  UNIQUE KEY `users_email_unique` (`email`)
) ENGINE=InnoDB AUTO_INCREMENT=2 DEFAULT CHARSET=utf8mb4 COLLATE=utf8mb4_unicode_ci;
/*!40101 SET character_set_client = @saved_cs_client */;

--
-- Dumping data for table `users`
--

LOCK TABLES `users` WRITE;
/*!40000 ALTER TABLE `users` DISABLE KEYS */;
INSERT INTO `users` VALUES (1,'Prb',505,'prb@gmail.com',NULL,'$2y$10$mRyIrb/D9nmKU66exh4mluO.Tm.cncwMvc3czX4i8CI4fsAQNe2Fa',NULL,'2022-06-27 07:51:44','2022-06-27 07:51:44');
/*!40000 ALTER TABLE `users` ENABLE KEYS */;
UNLOCK TABLES;
/*!40103 SET TIME_ZONE=@OLD_TIME_ZONE */;

/*!40101 SET SQL_MODE=@OLD_SQL_MODE */;
/*!40014 SET FOREIGN_KEY_CHECKS=@OLD_FOREIGN_KEY_CHECKS */;
/*!40014 SET UNIQUE_CHECKS=@OLD_UNIQUE_CHECKS */;
/*!40101 SET CHARACTER_SET_CLIENT=@OLD_CHARACTER_SET_CLIENT */;
/*!40101 SET CHARACTER_SET_RESULTS=@OLD_CHARACTER_SET_RESULTS */;
/*!40101 SET COLLATION_CONNECTION=@OLD_COLLATION_CONNECTION */;
/*!40111 SET SQL_NOTES=@OLD_SQL_NOTES */;

-- Dump completed on 2022-07-13  0:26:04
